DATA,Tipo,Spread,Data_Str,Color
2024-04-29,Spread B25/DAP25,0.01639999999999997,2024-04-29,#003366
2024-04-30,Spread B25/DAP25,0.05520000000000014,2024-04-30,#003366
2024-05-02,Spread B25/DAP25,0.03410000000000046,2024-05-02,#003366
2024-05-06,Spread B25/DAP25,0.046499999999999986,2024-05-06,#003366
2024-05-07,Spread B25/DAP25,0.05750000000000011,2024-05-07,#003366
2024-05-15,Spread B25/DAP25,0.04549999999999965,2024-05-15,#003366
2024-05-21,Spread B25/DAP25,0.050799999999999734,2024-05-21,#003366
2024-05-23,Spread B25/DAP25,0.06379999999999963,2024-05-23,#003366
2024-05-24,Spread B25/DAP25,0.05069999999999997,2024-05-24,#003366
2024-05-27,Spread B25/DAP25,0.03509999999999991,2024-05-27,#003366
2024-05-28,Spread B25/DAP25,0.0693999999999999,2024-05-28,#003366
2024-06-03,Spread B25/DAP25,0.03709999999999969,2024-06-03,#003366
2024-06-04,Spread B25/DAP25,0.03310000000000013,2024-06-04,#003366
2024-06-05,Spread B25/DAP25,0.03799999999999937,2024-06-05,#003366
2024-06-06,Spread B25/DAP25,0.0461999999999998,2024-06-06,#003366
2024-06-10,Spread B25/DAP25,0.12049999999999983,2024-06-10,#003366
2024-06-11,Spread B25/DAP25,0.10250000000000004,2024-06-11,#003366
2024-06-14,Spread B25/DAP25,0.01639999999999997,2024-06-14,#003366
2024-06-27,Spread B25/DAP25,0.06040000000000045,2024-06-27,#003366
2024-06-28,Spread B25/DAP25,0.01670000000000016,2024-06-28,#003366
2024-07-08,Spread B25/DAP25,0.048799999999999955,2024-07-08,#003366
2024-07-09,Spread B25/DAP25,0.00649999999999995,2024-07-09,#003366
2024-07-12,Spread B25/DAP25,0.07750000000000057,2024-07-12,#003366
2024-07-17,Spread B25/DAP25,0.03560000000000052,2024-07-17,#003366
2024-07-23,Spread B25/DAP25,0.035200000000000564,2024-07-23,#003366
2024-07-24,Spread B25/DAP25,0.03160000000000007,2024-07-24,#003366
2024-07-25,Spread B25/DAP25,0.050499999999999545,2024-07-25,#003366
2024-07-26,Spread B25/DAP25,0.02010000000000023,2024-07-26,#003366
2024-07-30,Spread B25/DAP25,0.05039999999999978,2024-07-30,#003366
2024-08-02,Spread B25/DAP25,0.058400000000000674,2024-08-02,#003366
2024-08-05,Spread B25/DAP25,0.057800000000000296,2024-08-05,#003366
2024-08-07,Spread B25/DAP25,0.059200000000000585,2024-08-07,#003366
2024-08-08,Spread B25/DAP25,0.14220000000000077,2024-08-08,#003366
2024-08-14,Spread B25/DAP25,0.03739999999999988,2024-08-14,#003366
2024-08-21,Spread B25/DAP25,0.00730000000000075,2024-08-21,#003366
2024-08-23,Spread B25/DAP25,0.0042999999999997485,2024-08-23,#003366
2024-08-27,Spread B25/DAP25,0.020299999999999763,2024-08-27,#003366
2024-08-28,Spread B25/DAP25,0.026900000000000368,2024-08-28,#003366
2024-08-30,Spread B25/DAP25,0.052999999999999936,2024-08-30,#003366
2024-09-02,Spread B25/DAP25,0.02939999999999987,2024-09-02,#003366
2024-09-03,Spread B25/DAP25,-0.01580000000000048,2024-09-03,#003366
2024-09-04,Spread B25/DAP25,0.022799999999999265,2024-09-04,#003366
2024-09-05,Spread B25/DAP25,0.013600000000000279,2024-09-05,#003366
2024-09-06,Spread B25/DAP25,-0.0022999999999999687,2024-09-06,#003366
2024-09-09,Spread B25/DAP25,0.0034999999999998366,2024-09-09,#003366
2024-09-10,Spread B25/DAP25,-0.0015000000000000568,2024-09-10,#003366
2024-09-11,Spread B25/DAP25,0.07380000000000031,2024-09-11,#003366
2024-09-17,Spread B25/DAP25,0.08869999999999933,2024-09-17,#003366
2024-09-18,Spread B25/DAP25,0.0829999999999993,2024-09-18,#003366
2024-09-23,Spread B25/DAP25,0.05569999999999986,2024-09-23,#003366
2024-09-24,Spread B25/DAP25,0.025599999999999845,2024-09-24,#003366
2024-09-25,Spread B25/DAP25,-0.011400000000000077,2024-09-25,#003366
2024-09-26,Spread B25/DAP25,0.044500000000000206,2024-09-26,#003366
2024-09-30,Spread B25/DAP25,-0.03739999999999988,2024-09-30,#003366
2024-10-01,Spread B25/DAP25,0.023100000000000342,2024-10-01,#003366
2024-10-02,Spread B25/DAP25,0.04999999999999982,2024-10-02,#003366
2024-10-03,Spread B25/DAP25,0.024399999999999977,2024-10-03,#003366
2024-10-04,Spread B25/DAP25,0.019000000000000128,2024-10-04,#003366
2024-10-08,Spread B25/DAP25,0.012900000000000134,2024-10-08,#003366
2024-10-09,Spread B25/DAP25,-0.000700000000000145,2024-10-09,#003366
2024-10-10,Spread B25/DAP25,0.0508999999999995,2024-10-10,#003366
2024-10-11,Spread B25/DAP25,0.055000000000000604,2024-10-11,#003366
2024-10-14,Spread B25/DAP25,0.053600000000000314,2024-10-14,#003366
2024-10-15,Spread B25/DAP25,0.03109999999999946,2024-10-15,#003366
2024-10-16,Spread B25/DAP25,0.04019999999999957,2024-10-16,#003366
2024-10-17,Spread B25/DAP25,0.06660000000000021,2024-10-17,#003366
2024-10-18,Spread B25/DAP25,0.036599999999999966,2024-10-18,#003366
2024-10-21,Spread B25/DAP25,0.057800000000000296,2024-10-21,#003366
2024-10-22,Spread B25/DAP25,0.029300000000000104,2024-10-22,#003366
2024-10-23,Spread B25/DAP25,0.06610000000000049,2024-10-23,#003366
2024-10-24,Spread B25/DAP25,0.06990000000000052,2024-10-24,#003366
2024-10-25,Spread B25/DAP25,-0.021100000000000563,2024-10-25,#003366
2024-10-28,Spread B25/DAP25,0.0022999999999999687,2024-10-28,#003366
2024-10-29,Spread B25/DAP25,0.029000000000000803,2024-10-29,#003366
2024-10-30,Spread B25/DAP25,0.0038000000000000256,2024-10-30,#003366
2024-10-31,Spread B25/DAP25,0.030899999999999928,2024-10-31,#003366
2024-11-05,Spread B25/DAP25,0.039400000000000546,2024-11-05,#003366
2024-11-08,Spread B25/DAP25,0.12330000000000041,2024-11-08,#003366
2024-11-11,Spread B25/DAP25,0.023399999999999643,2024-11-11,#003366
2024-11-12,Spread B25/DAP25,0.00849999999999973,2024-11-12,#003366
2024-11-14,Spread B25/DAP25,0.025500000000000078,2024-11-14,#003366
2024-11-18,Spread B25/DAP25,-0.0378999999999996,2024-11-18,#003366
2024-11-21,Spread B25/DAP25,0.03049999999999997,2024-11-21,#003366
2024-11-22,Spread B25/DAP25,-0.006199999999999761,2024-11-22,#003366
2024-11-25,Spread B25/DAP25,0.0031999999999996476,2024-11-25,#003366
2024-11-27,Spread B25/DAP25,-0.014000000000000234,2024-11-27,#003366
2024-12-03,Spread B25/DAP25,-0.0026999999999999247,2024-12-03,#003366
2024-12-04,Spread B25/DAP25,-0.03939999999999966,2024-12-04,#003366
2024-12-05,Spread B25/DAP25,-0.1388000000000007,2024-12-05,#003366
2024-12-06,Spread B25/DAP25,0.012100000000000222,2024-12-06,#003366
2024-12-09,Spread B25/DAP25,0.11030000000000051,2024-12-09,#003366
2024-12-11,Spread B25/DAP25,0.08169999999999966,2024-12-11,#003366
2025-01-08,Spread B25/DAP25,-0.06479999999999997,2025-01-08,#003366
2025-01-09,Spread B25/DAP25,-0.02629999999999999,2025-01-09,#003366
2025-01-13,Spread B25/DAP25,0.0517000000000003,2025-01-13,#003366
2025-01-14,Spread B25/DAP25,0.025900000000000034,2025-01-14,#003366
2025-01-15,Spread B25/DAP25,-0.14340000000000064,2025-01-15,#003366
2025-01-17,Spread B25/DAP25,-0.09590000000000032,2025-01-17,#003366
2025-01-20,Spread B25/DAP25,-0.09360000000000035,2025-01-20,#003366
2025-01-21,Spread B25/DAP25,-0.03330000000000055,2025-01-21,#003366
2025-01-22,Spread B25/DAP25,-0.056599999999999984,2025-01-22,#003366
2025-01-23,Spread B25/DAP25,-0.010000000000000231,2025-01-23,#003366
2025-01-24,Spread B25/DAP25,0.14319999999999977,2025-01-24,#003366
2025-01-27,Spread B25/DAP25,-0.020399999999999974,2025-01-27,#003366
2025-01-28,Spread B25/DAP25,-0.021500000000000075,2025-01-28,#003366
2025-01-29,Spread B25/DAP25,0.13680000000000003,2025-01-29,#003366
2025-01-30,Spread B25/DAP25,0.013099999999999667,2025-01-30,#003366
2025-01-31,Spread B25/DAP25,-0.060699999999999754,2025-01-31,#003366
2025-02-03,Spread B25/DAP25,0.04829999999999979,2025-02-03,#003366
2025-02-04,Spread B25/DAP25,-0.3009000000000004,2025-02-04,#003366
2025-02-05,Spread B25/DAP25,-0.11410000000000009,2025-02-05,#003366
2025-02-06,Spread B25/DAP25,-0.11550000000000038,2025-02-06,#003366
2025-02-07,Spread B25/DAP25,-0.10699999999999976,2025-02-07,#003366
2025-02-10,Spread B25/DAP25,-0.01399999999999979,2025-02-10,#003366
2025-02-11,Spread B25/DAP25,-0.01949999999999985,2025-02-11,#003366
2025-02-12,Spread B25/DAP25,-0.10000000000000009,2025-02-12,#003366
2025-02-13,Spread B25/DAP25,0.05469999999999997,2025-02-13,#003366
2025-02-17,Spread B25/DAP25,0.058499999999999996,2025-02-17,#003366
2025-02-21,Spread B25/DAP25,0.1966000000000001,2025-02-21,#003366
2025-02-24,Spread B25/DAP25,0.2280000000000002,2025-02-24,#003366
2025-02-25,Spread B25/DAP25,0.0024000000000001798,2025-02-25,#003366
2025-02-26,Spread B25/DAP25,0.1701999999999999,2025-02-26,#003366
2025-02-27,Spread B25/DAP25,0.12480000000000002,2025-02-27,#003366
2025-02-28,Spread B25/DAP25,0.06849999999999978,2025-02-28,#003366
2025-03-06,Spread B25/DAP25,0.1606999999999994,2025-03-06,#003366
2025-03-07,Spread B25/DAP25,-0.3506,2025-03-07,#003366
2025-03-10,Spread B25/DAP25,0.05080000000000062,2025-03-10,#003366
2025-03-11,Spread B25/DAP25,0.11489999999999956,2025-03-11,#003366
2025-03-12,Spread B25/DAP25,0.09140000000000015,2025-03-12,#003366
2025-03-13,Spread B25/DAP25,-0.10820000000000007,2025-03-13,#003366
2025-03-14,Spread B25/DAP25,0.27970000000000006,2025-03-14,#003366
2025-03-17,Spread B25/DAP25,0.07000000000000028,2025-03-17,#003366
2025-03-18,Spread B25/DAP25,0.0049000000000001265,2025-03-18,#003366
2025-03-19,Spread B25/DAP25,0.04279999999999973,2025-03-19,#003366
2025-03-20,Spread B25/DAP25,0.007699999999999818,2025-03-20,#003366
2025-03-21,Spread B25/DAP25,-0.039699999999999847,2025-03-21,#003366
2025-03-24,Spread B25/DAP25,0.26480000000000015,2025-03-24,#003366
2025-03-25,Spread B25/DAP25,0.034000000000000696,2025-03-25,#003366
2025-03-26,Spread B25/DAP25,0.49319999999999986,2025-03-26,#003366
2025-03-27,Spread B25/DAP25,-0.4322999999999997,2025-03-27,#003366
2025-03-31,Spread B25/DAP25,0.0506000000000002,2025-03-31,#003366
2025-04-01,Spread B25/DAP25,-0.3194000000000008,2025-04-01,#003366
2025-04-02,Spread B25/DAP25,-0.04900000000000038,2025-04-02,#003366
2025-04-03,Spread B25/DAP25,0.025000000000000355,2025-04-03,#003366
2025-04-04,Spread B25/DAP25,-0.13680000000000092,2025-04-04,#003366
2025-04-07,Spread B25/DAP25,0.07569999999999943,2025-04-07,#003366
2025-04-08,Spread B25/DAP25,0.008699999999999264,2025-04-08,#003366
2025-04-09,Spread B25/DAP25,-0.1061999999999994,2025-04-09,#003366
2025-04-10,Spread B25/DAP25,-0.23130000000000095,2025-04-10,#003366
2025-04-11,Spread B25/DAP25,-0.06239999999999846,2025-04-11,#003366
2025-04-14,Spread B25/DAP25,-0.05429999999999957,2025-04-14,#003366
2025-04-15,Spread B25/DAP25,-0.6483999999999988,2025-04-15,#003366
2025-04-16,Spread B25/DAP25,0.0909999999999993,2025-04-16,#003366
2025-04-17,Spread B25/DAP25,0.05889999999999951,2025-04-17,#003366
2025-04-22,Spread B25/DAP25,-0.07609999999999939,2025-04-22,#003366
2025-04-23,Spread B25/DAP25,-0.2132000000000005,2025-04-23,#003366
2025-04-24,Spread B25/DAP25,0.2112999999999996,2025-04-24,#003366
2025-04-25,Spread B25/DAP25,0.015300000000001646,2025-04-25,#003366
2025-04-28,Spread B25/DAP25,-0.3192000000000004,2025-04-28,#003366
2024-04-29,Spread B26/DAP26,0.09499999999999975,2024-04-29,#1f77b4
2024-04-30,Spread B26/DAP26,0.09090000000000042,2024-04-30,#1f77b4
2024-05-02,Spread B26/DAP26,0.08539999999999992,2024-05-02,#1f77b4
2024-05-06,Spread B26/DAP26,0.07810000000000006,2024-05-06,#1f77b4
2024-05-07,Spread B26/DAP26,0.10580000000000034,2024-05-07,#1f77b4
2024-05-15,Spread B26/DAP26,0.09379999999999988,2024-05-15,#1f77b4
2024-05-21,Spread B26/DAP26,0.0693999999999999,2024-05-21,#1f77b4
2024-05-23,Spread B26/DAP26,0.09509999999999952,2024-05-23,#1f77b4
2024-05-24,Spread B26/DAP26,0.09450000000000003,2024-05-24,#1f77b4
2024-05-27,Spread B26/DAP26,0.08330000000000037,2024-05-27,#1f77b4
2024-05-28,Spread B26/DAP26,0.08840000000000003,2024-05-28,#1f77b4
2024-06-03,Spread B26/DAP26,0.08909999999999929,2024-06-03,#1f77b4
2024-06-04,Spread B26/DAP26,0.06740000000000013,2024-06-04,#1f77b4
2024-06-05,Spread B26/DAP26,0.07559999999999967,2024-06-05,#1f77b4
2024-06-06,Spread B26/DAP26,0.0823999999999998,2024-06-06,#1f77b4
2024-06-10,Spread B26/DAP26,0.09079999999999977,2024-06-10,#1f77b4
2024-06-11,Spread B26/DAP26,0.07629999999999981,2024-06-11,#1f77b4
2024-06-14,Spread B26/DAP26,0.04079999999999995,2024-06-14,#1f77b4
2024-06-27,Spread B26/DAP26,0.08580000000000076,2024-06-27,#1f77b4
2024-06-28,Spread B26/DAP26,0.06510000000000016,2024-06-28,#1f77b4
2024-07-08,Spread B26/DAP26,0.09620000000000051,2024-07-08,#1f77b4
2024-07-09,Spread B26/DAP26,0.06650000000000045,2024-07-09,#1f77b4
2024-07-12,Spread B26/DAP26,0.08399999999999963,2024-07-12,#1f77b4
2024-07-17,Spread B26/DAP26,0.09659999999999958,2024-07-17,#1f77b4
2024-07-23,Spread B26/DAP26,0.08279999999999976,2024-07-23,#1f77b4
2024-07-24,Spread B26/DAP26,0.10270000000000046,2024-07-24,#1f77b4
2024-07-25,Spread B26/DAP26,0.10879999999999956,2024-07-25,#1f77b4
2024-07-26,Spread B26/DAP26,0.10769999999999946,2024-07-26,#1f77b4
2024-07-30,Spread B26/DAP26,0.11930000000000085,2024-07-30,#1f77b4
2024-08-02,Spread B26/DAP26,0.12450000000000028,2024-08-02,#1f77b4
2024-08-05,Spread B26/DAP26,0.11500000000000021,2024-08-05,#1f77b4
2024-08-07,Spread B26/DAP26,0.09499999999999975,2024-08-07,#1f77b4
2024-08-08,Spread B26/DAP26,0.12929999999999975,2024-08-08,#1f77b4
2024-08-14,Spread B26/DAP26,0.06280000000000019,2024-08-14,#1f77b4
2024-08-21,Spread B26/DAP26,0.07149999999999945,2024-08-21,#1f77b4
2024-08-23,Spread B26/DAP26,0.07279999999999998,2024-08-23,#1f77b4
2024-08-27,Spread B26/DAP26,0.08650000000000002,2024-08-27,#1f77b4
2024-08-28,Spread B26/DAP26,0.0671999999999997,2024-08-28,#1f77b4
2024-08-30,Spread B26/DAP26,0.09260000000000002,2024-08-30,#1f77b4
2024-09-02,Spread B26/DAP26,0.09999999999999964,2024-09-02,#1f77b4
2024-09-03,Spread B26/DAP26,0.09159999999999968,2024-09-03,#1f77b4
2024-09-04,Spread B26/DAP26,0.08190000000000008,2024-09-04,#1f77b4
2024-09-05,Spread B26/DAP26,0.0788000000000002,2024-09-05,#1f77b4
2024-09-06,Spread B26/DAP26,0.06540000000000035,2024-09-06,#1f77b4
2024-09-09,Spread B26/DAP26,0.030100000000000016,2024-09-09,#1f77b4
2024-09-10,Spread B26/DAP26,0.06199999999999939,2024-09-10,#1f77b4
2024-09-11,Spread B26/DAP26,0.07929999999999993,2024-09-11,#1f77b4
2024-09-17,Spread B26/DAP26,0.09509999999999952,2024-09-17,#1f77b4
2024-09-18,Spread B26/DAP26,0.08749999999999947,2024-09-18,#1f77b4
2024-09-23,Spread B26/DAP26,0.07399999999999984,2024-09-23,#1f77b4
2024-09-24,Spread B26/DAP26,0.04929999999999968,2024-09-24,#1f77b4
2024-09-25,Spread B26/DAP26,0.038599999999999746,2024-09-25,#1f77b4
2024-09-26,Spread B26/DAP26,0.050200000000000244,2024-09-26,#1f77b4
2024-09-30,Spread B26/DAP26,0.0031999999999996476,2024-09-30,#1f77b4
2024-10-01,Spread B26/DAP26,0.05379999999999985,2024-10-01,#1f77b4
2024-10-02,Spread B26/DAP26,0.05999999999999961,2024-10-02,#1f77b4
2024-10-03,Spread B26/DAP26,0.05679999999999996,2024-10-03,#1f77b4
2024-10-04,Spread B26/DAP26,0.07000000000000028,2024-10-04,#1f77b4
2024-10-08,Spread B26/DAP26,0.02519999999999989,2024-10-08,#1f77b4
2024-10-09,Spread B26/DAP26,0.023399999999999643,2024-10-09,#1f77b4
2024-10-10,Spread B26/DAP26,0.05579999999999963,2024-10-10,#1f77b4
2024-10-11,Spread B26/DAP26,0.06810000000000027,2024-10-11,#1f77b4
2024-10-14,Spread B26/DAP26,0.05239999999999956,2024-10-14,#1f77b4
2024-10-15,Spread B26/DAP26,0.024999999999999467,2024-10-15,#1f77b4
2024-10-16,Spread B26/DAP26,0.049399999999999444,2024-10-16,#1f77b4
2024-10-17,Spread B26/DAP26,0.03979999999999961,2024-10-17,#1f77b4
2024-10-18,Spread B26/DAP26,0.02909999999999968,2024-10-18,#1f77b4
2024-10-21,Spread B26/DAP26,0.03110000000000035,2024-10-21,#1f77b4
2024-10-22,Spread B26/DAP26,0.0400999999999998,2024-10-22,#1f77b4
2024-10-23,Spread B26/DAP26,0.05140000000000011,2024-10-23,#1f77b4
2024-10-24,Spread B26/DAP26,0.059800000000000075,2024-10-24,#1f77b4
2024-10-25,Spread B26/DAP26,0.05379999999999985,2024-10-25,#1f77b4
2024-10-28,Spread B26/DAP26,0.043099999999999916,2024-10-28,#1f77b4
2024-10-29,Spread B26/DAP26,0.012299999999999756,2024-10-29,#1f77b4
2024-10-30,Spread B26/DAP26,0.029600000000000293,2024-10-30,#1f77b4
2024-10-31,Spread B26/DAP26,0.030399999999999316,2024-10-31,#1f77b4
2024-11-05,Spread B26/DAP26,0.04859999999999953,2024-11-05,#1f77b4
2024-11-08,Spread B26/DAP26,0.11050000000000004,2024-11-08,#1f77b4
2024-11-11,Spread B26/DAP26,0.032099999999999795,2024-11-11,#1f77b4
2024-11-12,Spread B26/DAP26,0.051000000000000156,2024-11-12,#1f77b4
2024-11-14,Spread B26/DAP26,0.05510000000000037,2024-11-14,#1f77b4
2024-11-18,Spread B26/DAP26,0.04530000000000012,2024-11-18,#1f77b4
2024-11-21,Spread B26/DAP26,0.00709999999999944,2024-11-21,#1f77b4
2024-11-22,Spread B26/DAP26,-0.005300000000000082,2024-11-22,#1f77b4
2024-11-25,Spread B26/DAP26,0.028799999999999493,2024-11-25,#1f77b4
2024-11-27,Spread B26/DAP26,-0.0007999999999999119,2024-11-27,#1f77b4
2024-12-03,Spread B26/DAP26,-0.009400000000000297,2024-12-03,#1f77b4
2024-12-04,Spread B26/DAP26,-0.011099999999999888,2024-12-04,#1f77b4
2024-12-05,Spread B26/DAP26,0.08479999999999954,2024-12-05,#1f77b4
2024-12-06,Spread B26/DAP26,0.03849999999999998,2024-12-06,#1f77b4
2024-12-09,Spread B26/DAP26,0.0506000000000002,2024-12-09,#1f77b4
2024-12-11,Spread B26/DAP26,0.021300000000000097,2024-12-11,#1f77b4
2025-01-08,Spread B26/DAP26,0.030399999999999316,2025-01-08,#1f77b4
2025-01-09,Spread B26/DAP26,-0.007000000000000561,2025-01-09,#1f77b4
2025-01-13,Spread B26/DAP26,0.025900000000000034,2025-01-13,#1f77b4
2025-01-14,Spread B26/DAP26,0.025900000000000034,2025-01-14,#1f77b4
2025-01-15,Spread B26/DAP26,0.013500000000000512,2025-01-15,#1f77b4
2025-01-17,Spread B26/DAP26,0.019999999999999574,2025-01-17,#1f77b4
2025-01-20,Spread B26/DAP26,0.013500000000000512,2025-01-20,#1f77b4
2025-01-21,Spread B26/DAP26,-0.032600000000000406,2025-01-21,#1f77b4
2025-01-22,Spread B26/DAP26,0.024099999999999788,2025-01-22,#1f77b4
2025-01-23,Spread B26/DAP26,-0.025599999999999845,2025-01-23,#1f77b4
2025-01-24,Spread B26/DAP26,0.05940000000000012,2025-01-24,#1f77b4
2025-01-27,Spread B26/DAP26,0.04699999999999971,2025-01-27,#1f77b4
2025-01-28,Spread B26/DAP26,0.03500000000000014,2025-01-28,#1f77b4
2025-01-29,Spread B26/DAP26,0.045099999999999696,2025-01-29,#1f77b4
2025-01-30,Spread B26/DAP26,0.04350000000000076,2025-01-30,#1f77b4
2025-01-31,Spread B26/DAP26,0.03289999999999971,2025-01-31,#1f77b4
2025-02-03,Spread B26/DAP26,0.06049999999999933,2025-02-03,#1f77b4
2025-02-04,Spread B26/DAP26,0.028900000000000148,2025-02-04,#1f77b4
2025-02-05,Spread B26/DAP26,0.01470000000000038,2025-02-05,#1f77b4
2025-02-06,Spread B26/DAP26,0.005599999999999383,2025-02-06,#1f77b4
2025-02-07,Spread B26/DAP26,0.013200000000000323,2025-02-07,#1f77b4
2025-02-10,Spread B26/DAP26,0.01949999999999985,2025-02-10,#1f77b4
2025-02-11,Spread B26/DAP26,0.008899999999999686,2025-02-11,#1f77b4
2025-02-12,Spread B26/DAP26,0.01750000000000007,2025-02-12,#1f77b4
2025-02-13,Spread B26/DAP26,0.03469999999999995,2025-02-13,#1f77b4
2025-02-17,Spread B26/DAP26,0.05710000000000015,2025-02-17,#1f77b4
2025-02-21,Spread B26/DAP26,0.06050000000000022,2025-02-21,#1f77b4
2025-02-24,Spread B26/DAP26,0.054700000000000415,2025-02-24,#1f77b4
2025-02-25,Spread B26/DAP26,0.04800000000000004,2025-02-25,#1f77b4
2025-02-26,Spread B26/DAP26,0.0613999999999999,2025-02-26,#1f77b4
2025-02-27,Spread B26/DAP26,0.028699999999999726,2025-02-27,#1f77b4
2025-02-28,Spread B26/DAP26,0.02829999999999977,2025-02-28,#1f77b4
2025-03-06,Spread B26/DAP26,0.034199999999998454,2025-03-06,#1f77b4
2025-03-07,Spread B26/DAP26,0.004099999999999326,2025-03-07,#1f77b4
2025-03-10,Spread B26/DAP26,0.041999999999999815,2025-03-10,#1f77b4
2025-03-11,Spread B26/DAP26,0.06520000000000081,2025-03-11,#1f77b4
2025-03-12,Spread B26/DAP26,0.07160000000000011,2025-03-12,#1f77b4
2025-03-13,Spread B26/DAP26,0.0411999999999999,2025-03-13,#1f77b4
2025-03-14,Spread B26/DAP26,0.03979999999999961,2025-03-14,#1f77b4
2025-03-17,Spread B26/DAP26,-0.001900000000000901,2025-03-17,#1f77b4
2025-03-18,Spread B26/DAP26,0.009199999999999875,2025-03-18,#1f77b4
2025-03-19,Spread B26/DAP26,-0.005899999999998684,2025-03-19,#1f77b4
2025-03-20,Spread B26/DAP26,0.020400000000000418,2025-03-20,#1f77b4
2025-03-21,Spread B26/DAP26,0.011200000000000543,2025-03-21,#1f77b4
2025-03-24,Spread B26/DAP26,0.01529999999999987,2025-03-24,#1f77b4
2025-03-25,Spread B26/DAP26,0.027899999999998926,2025-03-25,#1f77b4
2025-03-26,Spread B26/DAP26,0.030799999999999272,2025-03-26,#1f77b4
2025-03-27,Spread B26/DAP26,-0.040599999999999525,2025-03-27,#1f77b4
2025-03-31,Spread B26/DAP26,0.03270000000000017,2025-03-31,#1f77b4
2025-04-01,Spread B26/DAP26,0.04970000000000141,2025-04-01,#1f77b4
2025-04-02,Spread B26/DAP26,0.024399999999999977,2025-04-02,#1f77b4
2025-04-03,Spread B26/DAP26,0.05599999999999916,2025-04-03,#1f77b4
2025-04-04,Spread B26/DAP26,0.0039999999999995595,2025-04-04,#1f77b4
2025-04-07,Spread B26/DAP26,0.0600000000000005,2025-04-07,#1f77b4
2025-04-08,Spread B26/DAP26,0.05919999999999881,2025-04-08,#1f77b4
2025-04-09,Spread B26/DAP26,0.015799999999998704,2025-04-09,#1f77b4
2025-04-10,Spread B26/DAP26,-0.015600000000000946,2025-04-10,#1f77b4
2025-04-11,Spread B26/DAP26,0.07189999999999941,2025-04-11,#1f77b4
2025-04-14,Spread B26/DAP26,0.044800000000000395,2025-04-14,#1f77b4
2025-04-15,Spread B26/DAP26,0.03570000000000029,2025-04-15,#1f77b4
2025-04-16,Spread B26/DAP26,0.04100000000000037,2025-04-16,#1f77b4
2025-04-17,Spread B26/DAP26,0.0693999999999999,2025-04-17,#1f77b4
2025-04-22,Spread B26/DAP26,0.05060000000000109,2025-04-22,#1f77b4
2025-04-23,Spread B26/DAP26,0.06990000000000052,2025-04-23,#1f77b4
2025-04-24,Spread B26/DAP26,0.06930000000000014,2025-04-24,#1f77b4
2025-04-25,Spread B26/DAP26,0.07200000000000095,2025-04-25,#1f77b4
2025-04-28,Spread B26/DAP26,0.10870000000000068,2025-04-28,#1f77b4
2024-04-29,Spread B27/DAP27,0.10330000000000084,2024-04-29,#2ca02c
2024-04-30,Spread B27/DAP27,0.09370000000000012,2024-04-30,#2ca02c
2024-05-02,Spread B27/DAP27,0.09520000000000017,2024-05-02,#2ca02c
2024-05-06,Spread B27/DAP27,0.10420000000000051,2024-05-06,#2ca02c
2024-05-07,Spread B27/DAP27,0.11079999999999934,2024-05-07,#2ca02c
2024-05-15,Spread B27/DAP27,0.1051000000000002,2024-05-15,#2ca02c
2024-05-21,Spread B27/DAP27,0.08099999999999952,2024-05-21,#2ca02c
2024-05-23,Spread B27/DAP27,0.07750000000000057,2024-05-23,#2ca02c
2024-05-24,Spread B27/DAP27,0.0849000000000002,2024-05-24,#2ca02c
2024-05-27,Spread B27/DAP27,0.08249999999999957,2024-05-27,#2ca02c
2024-05-28,Spread B27/DAP27,0.08099999999999952,2024-05-28,#2ca02c
2024-06-03,Spread B27/DAP27,0.08479999999999954,2024-06-03,#2ca02c
2024-06-04,Spread B27/DAP27,0.06709999999999994,2024-06-04,#2ca02c
2024-06-05,Spread B27/DAP27,0.024099999999999788,2024-06-05,#2ca02c
2024-06-06,Spread B27/DAP27,0.10789999999999988,2024-06-06,#2ca02c
2024-06-10,Spread B27/DAP27,0.08099999999999952,2024-06-10,#2ca02c
2024-06-11,Spread B27/DAP27,0.08289999999999953,2024-06-11,#2ca02c
2024-06-14,Spread B27/DAP27,0.04860000000000042,2024-06-14,#2ca02c
2024-06-27,Spread B27/DAP27,0.09010000000000051,2024-06-27,#2ca02c
2024-06-28,Spread B27/DAP27,-0.005300000000000082,2024-06-28,#2ca02c
2024-07-08,Spread B27/DAP27,0.08570000000000011,2024-07-08,#2ca02c
2024-07-09,Spread B27/DAP27,0.0506000000000002,2024-07-09,#2ca02c
2024-07-12,Spread B27/DAP27,0.09719999999999995,2024-07-12,#2ca02c
2024-07-17,Spread B27/DAP27,0.0840999999999994,2024-07-17,#2ca02c
2024-07-23,Spread B27/DAP27,0.07910000000000039,2024-07-23,#2ca02c
2024-07-24,Spread B27/DAP27,0.10019999999999918,2024-07-24,#2ca02c
2024-07-25,Spread B27/DAP27,0.11329999999999973,2024-07-25,#2ca02c
2024-07-26,Spread B27/DAP27,0.09860000000000024,2024-07-26,#2ca02c
2024-07-30,Spread B27/DAP27,0.09830000000000005,2024-07-30,#2ca02c
2024-08-02,Spread B27/DAP27,0.09370000000000012,2024-08-02,#2ca02c
2024-08-05,Spread B27/DAP27,0.11430000000000007,2024-08-05,#2ca02c
2024-08-07,Spread B27/DAP27,0.09080000000000066,2024-08-07,#2ca02c
2024-08-08,Spread B27/DAP27,0.10559999999999992,2024-08-08,#2ca02c
2024-08-14,Spread B27/DAP27,0.07710000000000061,2024-08-14,#2ca02c
2024-08-21,Spread B27/DAP27,0.07589999999999986,2024-08-21,#2ca02c
2024-08-23,Spread B27/DAP27,0.06810000000000027,2024-08-23,#2ca02c
2024-08-27,Spread B27/DAP27,0.06740000000000013,2024-08-27,#2ca02c
2024-08-28,Spread B27/DAP27,0.05149999999999988,2024-08-28,#2ca02c
2024-08-30,Spread B27/DAP27,0.07730000000000015,2024-08-30,#2ca02c
2024-09-02,Spread B27/DAP27,0.07479999999999976,2024-09-02,#2ca02c
2024-09-03,Spread B27/DAP27,0.05970000000000031,2024-09-03,#2ca02c
2024-09-04,Spread B27/DAP27,0.07120000000000015,2024-09-04,#2ca02c
2024-09-05,Spread B27/DAP27,0.05489999999999995,2024-09-05,#2ca02c
2024-09-06,Spread B27/DAP27,0.0611000000000006,2024-09-06,#2ca02c
2024-09-09,Spread B27/DAP27,0.04870000000000019,2024-09-09,#2ca02c
2024-09-10,Spread B27/DAP27,0.060100000000000264,2024-09-10,#2ca02c
2024-09-11,Spread B27/DAP27,0.0602999999999998,2024-09-11,#2ca02c
2024-09-17,Spread B27/DAP27,0.06660000000000021,2024-09-17,#2ca02c
2024-09-18,Spread B27/DAP27,0.0600000000000005,2024-09-18,#2ca02c
2024-09-23,Spread B27/DAP27,0.051000000000000156,2024-09-23,#2ca02c
2024-09-24,Spread B27/DAP27,0.05250000000000021,2024-09-24,#2ca02c
2024-09-25,Spread B27/DAP27,0.0398000000000005,2024-09-25,#2ca02c
2024-09-26,Spread B27/DAP27,0.06079999999999952,2024-09-26,#2ca02c
2024-09-30,Spread B27/DAP27,0.04659999999999975,2024-09-30,#2ca02c
2024-10-01,Spread B27/DAP27,0.057800000000000296,2024-10-01,#2ca02c
2024-10-02,Spread B27/DAP27,0.052700000000000635,2024-10-02,#2ca02c
2024-10-03,Spread B27/DAP27,0.0674999999999999,2024-10-03,#2ca02c
2024-10-04,Spread B27/DAP27,0.0461999999999998,2024-10-04,#2ca02c
2024-10-08,Spread B27/DAP27,0.03810000000000002,2024-10-08,#2ca02c
2024-10-09,Spread B27/DAP27,0.03480000000000061,2024-10-09,#2ca02c
2024-10-10,Spread B27/DAP27,0.08689999999999998,2024-10-10,#2ca02c
2024-10-11,Spread B27/DAP27,0.06430000000000025,2024-10-11,#2ca02c
2024-10-14,Spread B27/DAP27,0.06620000000000026,2024-10-14,#2ca02c
2024-10-15,Spread B27/DAP27,0.06379999999999963,2024-10-15,#2ca02c
2024-10-16,Spread B27/DAP27,0.06130000000000013,2024-10-16,#2ca02c
2024-10-17,Spread B27/DAP27,0.06479999999999997,2024-10-17,#2ca02c
2024-10-18,Spread B27/DAP27,0.05329999999999924,2024-10-18,#2ca02c
2024-10-21,Spread B27/DAP27,0.046299999999999564,2024-10-21,#2ca02c
2024-10-22,Spread B27/DAP27,0.05609999999999982,2024-10-22,#2ca02c
2024-10-23,Spread B27/DAP27,0.05830000000000002,2024-10-23,#2ca02c
2024-10-24,Spread B27/DAP27,0.059800000000000075,2024-10-24,#2ca02c
2024-10-25,Spread B27/DAP27,0.03960000000000008,2024-10-25,#2ca02c
2024-10-28,Spread B27/DAP27,0.034099999999999575,2024-10-28,#2ca02c
2024-10-29,Spread B27/DAP27,0.027099999999999902,2024-10-29,#2ca02c
2024-10-30,Spread B27/DAP27,0.019000000000000128,2024-10-30,#2ca02c
2024-10-31,Spread B27/DAP27,0.03140000000000054,2024-10-31,#2ca02c
2024-11-05,Spread B27/DAP27,0.036000000000000476,2024-11-05,#2ca02c
2024-11-08,Spread B27/DAP27,0.06950000000000056,2024-11-08,#2ca02c
2024-11-11,Spread B27/DAP27,0.01869999999999994,2024-11-11,#2ca02c
2024-11-12,Spread B27/DAP27,0.04100000000000037,2024-11-12,#2ca02c
2024-11-14,Spread B27/DAP27,0.04039999999999999,2024-11-14,#2ca02c
2024-11-18,Spread B27/DAP27,0.01690000000000058,2024-11-18,#2ca02c
2024-11-21,Spread B27/DAP27,-0.008399999999999963,2024-11-21,#2ca02c
2024-11-22,Spread B27/DAP27,-0.03420000000000023,2024-11-22,#2ca02c
2024-11-25,Spread B27/DAP27,0.019699999999999385,2024-11-25,#2ca02c
2024-11-27,Spread B27/DAP27,-0.005399999999999849,2024-11-27,#2ca02c
2024-12-03,Spread B27/DAP27,-0.006399999999999295,2024-12-03,#2ca02c
2024-12-04,Spread B27/DAP27,0.005799999999999805,2024-12-04,#2ca02c
2024-12-05,Spread B27/DAP27,0.0,2024-12-05,#2ca02c
2024-12-06,Spread B27/DAP27,-0.008999999999999453,2024-12-06,#2ca02c
2024-12-09,Spread B27/DAP27,0.022800000000000153,2024-12-09,#2ca02c
2024-12-11,Spread B27/DAP27,0.005799999999999805,2024-12-11,#2ca02c
2025-01-08,Spread B27/DAP27,0.009000000000000341,2025-01-08,#2ca02c
2025-01-09,Spread B27/DAP27,0.024100000000000676,2025-01-09,#2ca02c
2025-01-13,Spread B27/DAP27,0.007699999999999818,2025-01-13,#2ca02c
2025-01-14,Spread B27/DAP27,0.017000000000000348,2025-01-14,#2ca02c
2025-01-15,Spread B27/DAP27,-0.0022999999999999687,2025-01-15,#2ca02c
2025-01-17,Spread B27/DAP27,0.015200000000000102,2025-01-17,#2ca02c
2025-01-20,Spread B27/DAP27,0.011500000000000732,2025-01-20,#2ca02c
2025-01-21,Spread B27/DAP27,-0.023399999999999643,2025-01-21,#2ca02c
2025-01-22,Spread B27/DAP27,-0.0049000000000001265,2025-01-22,#2ca02c
2025-01-23,Spread B27/DAP27,-0.0049000000000001265,2025-01-23,#2ca02c
2025-01-24,Spread B27/DAP27,0.05889999999999951,2025-01-24,#2ca02c
2025-01-27,Spread B27/DAP27,0.03929999999999989,2025-01-27,#2ca02c
2025-01-28,Spread B27/DAP27,0.034600000000000186,2025-01-28,#2ca02c
2025-01-29,Spread B27/DAP27,0.02400000000000002,2025-01-29,#2ca02c
2025-01-30,Spread B27/DAP27,0.07399999999999984,2025-01-30,#2ca02c
2025-01-31,Spread B27/DAP27,0.040300000000000225,2025-01-31,#2ca02c
2025-02-03,Spread B27/DAP27,0.042800000000000615,2025-02-03,#2ca02c
2025-02-04,Spread B27/DAP27,0.03530000000000033,2025-02-04,#2ca02c
2025-02-05,Spread B27/DAP27,0.02400000000000002,2025-02-05,#2ca02c
2025-02-06,Spread B27/DAP27,0.01609999999999978,2025-02-06,#2ca02c
2025-02-07,Spread B27/DAP27,0.02940000000000076,2025-02-07,#2ca02c
2025-02-10,Spread B27/DAP27,0.02970000000000006,2025-02-10,#2ca02c
2025-02-11,Spread B27/DAP27,0.027900000000000702,2025-02-11,#2ca02c
2025-02-12,Spread B27/DAP27,0.0235000000000003,2025-02-12,#2ca02c
2025-02-13,Spread B27/DAP27,0.03810000000000002,2025-02-13,#2ca02c
2025-02-17,Spread B27/DAP27,0.07139999999999969,2025-02-17,#2ca02c
2025-02-21,Spread B27/DAP27,0.020799999999999486,2025-02-21,#2ca02c
2025-02-24,Spread B27/DAP27,0.025500000000000078,2025-02-24,#2ca02c
2025-02-25,Spread B27/DAP27,0.04039999999999999,2025-02-25,#2ca02c
2025-02-26,Spread B27/DAP27,0.07039999999999935,2025-02-26,#2ca02c
2025-02-27,Spread B27/DAP27,0.016300000000000203,2025-02-27,#2ca02c
2025-02-28,Spread B27/DAP27,0.025500000000000078,2025-02-28,#2ca02c
2025-03-06,Spread B27/DAP27,0.0237999999999996,2025-03-06,#2ca02c
2025-03-07,Spread B27/DAP27,0.015799999999999592,2025-03-07,#2ca02c
2025-03-10,Spread B27/DAP27,0.008799999999999919,2025-03-10,#2ca02c
2025-03-11,Spread B27/DAP27,0.045700000000000074,2025-03-11,#2ca02c
2025-03-12,Spread B27/DAP27,0.057000000000000384,2025-03-12,#2ca02c
2025-03-13,Spread B27/DAP27,0.025099999999999234,2025-03-13,#2ca02c
2025-03-14,Spread B27/DAP27,0.013200000000000323,2025-03-14,#2ca02c
2025-03-17,Spread B27/DAP27,-0.010100000000000442,2025-03-17,#2ca02c
2025-03-18,Spread B27/DAP27,0.017900000000000027,2025-03-18,#2ca02c
2025-03-19,Spread B27/DAP27,0.025000000000000355,2025-03-19,#2ca02c
2025-03-20,Spread B27/DAP27,0.016599999999998616,2025-03-20,#2ca02c
2025-03-21,Spread B27/DAP27,-0.01550000000000118,2025-03-21,#2ca02c
2025-03-24,Spread B27/DAP27,-0.007899999999999352,2025-03-24,#2ca02c
2025-03-25,Spread B27/DAP27,0.018299999999999983,2025-03-25,#2ca02c
2025-03-26,Spread B27/DAP27,0.019099999999999895,2025-03-26,#2ca02c
2025-03-27,Spread B27/DAP27,-0.004699999999999704,2025-03-27,#2ca02c
2025-03-31,Spread B27/DAP27,-0.02519999999999989,2025-03-31,#2ca02c
2025-04-01,Spread B27/DAP27,0.0038000000000000256,2025-04-01,#2ca02c
2025-04-02,Spread B27/DAP27,0.005799999999998917,2025-04-02,#2ca02c
2025-04-03,Spread B27/DAP27,0.07319999999999993,2025-04-03,#2ca02c
2025-04-04,Spread B27/DAP27,0.08910000000000018,2025-04-04,#2ca02c
2025-04-07,Spread B27/DAP27,0.04370000000000118,2025-04-07,#2ca02c
2025-04-08,Spread B27/DAP27,0.04640000000000022,2025-04-08,#2ca02c
2025-04-09,Spread B27/DAP27,0.034900000000000375,2025-04-09,#2ca02c
2025-04-10,Spread B27/DAP27,-0.0023999999999997357,2025-04-10,#2ca02c
2025-04-11,Spread B27/DAP27,0.05460000000000065,2025-04-11,#2ca02c
2025-04-14,Spread B27/DAP27,0.041499999999999204,2025-04-14,#2ca02c
2025-04-15,Spread B27/DAP27,0.06550000000000011,2025-04-15,#2ca02c
2025-04-16,Spread B27/DAP27,0.027699999999999392,2025-04-16,#2ca02c
2025-04-17,Spread B27/DAP27,0.038000000000000256,2025-04-17,#2ca02c
2025-04-22,Spread B27/DAP27,0.032099999999999795,2025-04-22,#2ca02c
2025-04-23,Spread B27/DAP27,0.018200000000000216,2025-04-23,#2ca02c
2025-04-24,Spread B27/DAP27,0.02260000000000062,2025-04-24,#2ca02c
2025-04-25,Spread B27/DAP27,0.027000000000000135,2025-04-25,#2ca02c
2025-04-28,Spread B27/DAP27,0.05719999999999992,2025-04-28,#2ca02c
2024-04-29,Spread B28/DAP28,0.10740000000000016,2024-04-29,#d62728
2024-04-30,Spread B28/DAP28,0.1051000000000002,2024-04-30,#d62728
2024-05-02,Spread B28/DAP28,0.09989999999999988,2024-05-02,#d62728
2024-05-06,Spread B28/DAP28,0.09990000000000077,2024-05-06,#d62728
2024-05-07,Spread B28/DAP28,0.09729999999999972,2024-05-07,#d62728
2024-05-15,Spread B28/DAP28,0.10500000000000043,2024-05-15,#d62728
2024-05-21,Spread B28/DAP28,0.07150000000000034,2024-05-21,#d62728
2024-05-23,Spread B28/DAP28,0.09190000000000076,2024-05-23,#d62728
2024-05-24,Spread B28/DAP28,0.04890000000000061,2024-05-24,#d62728
2024-05-27,Spread B28/DAP28,0.08009999999999984,2024-05-27,#d62728
2024-05-28,Spread B28/DAP28,0.08990000000000009,2024-05-28,#d62728
2024-06-03,Spread B28/DAP28,0.09999999999999964,2024-06-03,#d62728
2024-06-04,Spread B28/DAP28,0.05489999999999995,2024-06-04,#d62728
2024-06-05,Spread B28/DAP28,0.06259999999999977,2024-06-05,#d62728
2024-06-06,Spread B28/DAP28,0.07489999999999952,2024-06-06,#d62728
2024-06-10,Spread B28/DAP28,0.05960000000000054,2024-06-10,#d62728
2024-06-11,Spread B28/DAP28,0.05410000000000004,2024-06-11,#d62728
2024-06-14,Spread B28/DAP28,0.02740000000000009,2024-06-14,#d62728
2024-06-27,Spread B28/DAP28,0.06960000000000033,2024-06-27,#d62728
2024-06-28,Spread B28/DAP28,0.08079999999999998,2024-06-28,#d62728
2024-07-08,Spread B28/DAP28,0.07529999999999948,2024-07-08,#d62728
2024-07-09,Spread B28/DAP28,0.06500000000000039,2024-07-09,#d62728
2024-07-12,Spread B28/DAP28,0.10489999999999977,2024-07-12,#d62728
2024-07-17,Spread B28/DAP28,0.08929999999999971,2024-07-17,#d62728
2024-07-23,Spread B28/DAP28,0.06309999999999949,2024-07-23,#d62728
2024-07-24,Spread B28/DAP28,0.07910000000000039,2024-07-24,#d62728
2024-07-25,Spread B28/DAP28,0.09509999999999952,2024-07-25,#d62728
2024-07-26,Spread B28/DAP28,0.09039999999999981,2024-07-26,#d62728
2024-07-30,Spread B28/DAP28,0.0943000000000005,2024-07-30,#d62728
2024-08-02,Spread B28/DAP28,0.09489999999999998,2024-08-02,#d62728
2024-08-05,Spread B28/DAP28,0.11739999999999995,2024-08-05,#d62728
2024-08-07,Spread B28/DAP28,0.09330000000000016,2024-08-07,#d62728
2024-08-08,Spread B28/DAP28,0.10989999999999966,2024-08-08,#d62728
2024-08-14,Spread B28/DAP28,0.08180000000000032,2024-08-14,#d62728
2024-08-21,Spread B28/DAP28,0.07810000000000006,2024-08-21,#d62728
2024-08-23,Spread B28/DAP28,0.08830000000000027,2024-08-23,#d62728
2024-08-27,Spread B28/DAP28,0.0818999999999992,2024-08-27,#d62728
2024-08-28,Spread B28/DAP28,0.059800000000000075,2024-08-28,#d62728
2024-08-30,Spread B28/DAP28,0.07929999999999993,2024-08-30,#d62728
2024-09-02,Spread B28/DAP28,0.07979999999999965,2024-09-02,#d62728
2024-09-03,Spread B28/DAP28,0.08060000000000045,2024-09-03,#d62728
2024-09-04,Spread B28/DAP28,0.09520000000000017,2024-09-04,#d62728
2024-09-05,Spread B28/DAP28,0.08999999999999986,2024-09-05,#d62728
2024-09-06,Spread B28/DAP28,0.07899999999999974,2024-09-06,#d62728
2024-09-09,Spread B28/DAP28,0.07230000000000025,2024-09-09,#d62728
2024-09-10,Spread B28/DAP28,0.0838000000000001,2024-09-10,#d62728
2024-09-11,Spread B28/DAP28,0.05960000000000054,2024-09-11,#d62728
2024-09-17,Spread B28/DAP28,0.09140000000000015,2024-09-17,#d62728
2024-09-18,Spread B28/DAP28,0.07749999999999968,2024-09-18,#d62728
2024-09-23,Spread B28/DAP28,0.08819999999999961,2024-09-23,#d62728
2024-09-24,Spread B28/DAP28,0.07249999999999979,2024-09-24,#d62728
2024-09-25,Spread B28/DAP28,0.06500000000000039,2024-09-25,#d62728
2024-09-26,Spread B28/DAP28,0.07940000000000058,2024-09-26,#d62728
2024-09-30,Spread B28/DAP28,0.0708000000000002,2024-09-30,#d62728
2024-10-01,Spread B28/DAP28,0.07249999999999979,2024-10-01,#d62728
2024-10-02,Spread B28/DAP28,0.06450000000000067,2024-10-02,#d62728
2024-10-03,Spread B28/DAP28,0.06500000000000039,2024-10-03,#d62728
2024-10-04,Spread B28/DAP28,0.04499999999999993,2024-10-04,#d62728
2024-10-08,Spread B28/DAP28,0.05750000000000011,2024-10-08,#d62728
2024-10-09,Spread B28/DAP28,0.06170000000000009,2024-10-09,#d62728
2024-10-10,Spread B28/DAP28,0.11190000000000033,2024-10-10,#d62728
2024-10-11,Spread B28/DAP28,0.07249999999999979,2024-10-11,#d62728
2024-10-14,Spread B28/DAP28,0.0766,2024-10-14,#d62728
2024-10-15,Spread B28/DAP28,0.033800000000000274,2024-10-15,#d62728
2024-10-16,Spread B28/DAP28,0.07570000000000032,2024-10-16,#d62728
2024-10-17,Spread B28/DAP28,0.09389999999999965,2024-10-17,#d62728
2024-10-18,Spread B28/DAP28,0.06560000000000077,2024-10-18,#d62728
2024-10-21,Spread B28/DAP28,0.06869999999999976,2024-10-21,#d62728
2024-10-22,Spread B28/DAP28,0.07980000000000054,2024-10-22,#d62728
2024-10-23,Spread B28/DAP28,0.05860000000000021,2024-10-23,#d62728
2024-10-24,Spread B28/DAP28,0.07939999999999969,2024-10-24,#d62728
2024-10-25,Spread B28/DAP28,0.06570000000000054,2024-10-25,#d62728
2024-10-28,Spread B28/DAP28,0.06530000000000058,2024-10-28,#d62728
2024-10-29,Spread B28/DAP28,0.06709999999999994,2024-10-29,#d62728
2024-10-30,Spread B28/DAP28,0.06339999999999968,2024-10-30,#d62728
2024-10-31,Spread B28/DAP28,0.03669999999999973,2024-10-31,#d62728
2024-11-05,Spread B28/DAP28,0.0693999999999999,2024-11-05,#d62728
2024-11-08,Spread B28/DAP28,0.0884999999999998,2024-11-08,#d62728
2024-11-11,Spread B28/DAP28,0.049900000000000055,2024-11-11,#d62728
2024-11-12,Spread B28/DAP28,0.06159999999999943,2024-11-12,#d62728
2024-11-14,Spread B28/DAP28,0.0591999999999997,2024-11-14,#d62728
2024-11-18,Spread B28/DAP28,0.05999999999999961,2024-11-18,#d62728
2024-11-21,Spread B28/DAP28,0.06200000000000028,2024-11-21,#d62728
2024-11-22,Spread B28/DAP28,0.0129999999999999,2024-11-22,#d62728
2024-11-25,Spread B28/DAP28,0.06490000000000062,2024-11-25,#d62728
2024-11-27,Spread B28/DAP28,-0.05169999999999941,2024-11-27,#d62728
2024-12-03,Spread B28/DAP28,0.059200000000000585,2024-12-03,#d62728
2024-12-04,Spread B28/DAP28,0.06810000000000027,2024-12-04,#d62728
2024-12-05,Spread B28/DAP28,0.04699999999999971,2024-12-05,#d62728
2024-12-06,Spread B28/DAP28,0.0649999999999995,2024-12-06,#d62728
2024-12-09,Spread B28/DAP28,0.062300000000000466,2024-12-09,#d62728
2024-12-11,Spread B28/DAP28,0.11870000000000047,2024-12-11,#d62728
2025-01-08,Spread B28/DAP28,0.07500000000000018,2025-01-08,#d62728
2025-01-09,Spread B28/DAP28,0.05860000000000021,2025-01-09,#d62728
2025-01-13,Spread B28/DAP28,0.03750000000000053,2025-01-13,#d62728
2025-01-14,Spread B28/DAP28,0.03750000000000053,2025-01-14,#d62728
2025-01-15,Spread B28/DAP28,0.04760000000000009,2025-01-15,#d62728
2025-01-17,Spread B28/DAP28,0.02999999999999936,2025-01-17,#d62728
2025-01-20,Spread B28/DAP28,0.03200000000000003,2025-01-20,#d62728
2025-01-21,Spread B28/DAP28,0.03249999999999975,2025-01-21,#d62728
2025-01-22,Spread B28/DAP28,0.04999999999999982,2025-01-22,#d62728
2025-01-23,Spread B28/DAP28,0.022800000000000153,2025-01-23,#d62728
2025-01-24,Spread B28/DAP28,0.0815999999999999,2025-01-24,#d62728
2025-01-27,Spread B28/DAP28,0.04999999999999982,2025-01-27,#d62728
2025-01-28,Spread B28/DAP28,0.0674999999999999,2025-01-28,#d62728
2025-01-29,Spread B28/DAP28,0.053600000000000314,2025-01-29,#d62728
2025-01-30,Spread B28/DAP28,0.056999999999999496,2025-01-30,#d62728
2025-01-31,Spread B28/DAP28,0.03480000000000061,2025-01-31,#d62728
2025-02-03,Spread B28/DAP28,0.040000000000000036,2025-02-03,#d62728
2025-02-04,Spread B28/DAP28,0.05129999999999946,2025-02-04,#d62728
2025-02-05,Spread B28/DAP28,0.07209999999999983,2025-02-05,#d62728
2025-02-06,Spread B28/DAP28,0.04610000000000003,2025-02-06,#d62728
2025-02-07,Spread B28/DAP28,0.04800000000000004,2025-02-07,#d62728
2025-02-10,Spread B28/DAP28,0.062100000000000044,2025-02-10,#d62728
2025-02-11,Spread B28/DAP28,0.05030000000000001,2025-02-11,#d62728
2025-02-12,Spread B28/DAP28,0.022499999999999964,2025-02-12,#d62728
2025-02-13,Spread B28/DAP28,0.032399999999999984,2025-02-13,#d62728
2025-02-17,Spread B28/DAP28,0.07629999999999981,2025-02-17,#d62728
2025-02-21,Spread B28/DAP28,0.08190000000000008,2025-02-21,#d62728
2025-02-24,Spread B28/DAP28,0.054999999999999716,2025-02-24,#d62728
2025-02-25,Spread B28/DAP28,0.05339999999999989,2025-02-25,#d62728
2025-02-26,Spread B28/DAP28,0.057000000000000384,2025-02-26,#d62728
2025-02-27,Spread B28/DAP28,-0.01670000000000016,2025-02-27,#d62728
2025-02-28,Spread B28/DAP28,0.05009999999999959,2025-02-28,#d62728
2025-03-06,Spread B28/DAP28,0.03810000000000002,2025-03-06,#d62728
2025-03-07,Spread B28/DAP28,0.05429999999999957,2025-03-07,#d62728
2025-03-10,Spread B28/DAP28,0.024799999999999933,2025-03-10,#d62728
2025-03-11,Spread B28/DAP28,0.06760000000000055,2025-03-11,#d62728
2025-03-12,Spread B28/DAP28,0.07350000000000012,2025-03-12,#d62728
2025-03-13,Spread B28/DAP28,0.03339999999999943,2025-03-13,#d62728
2025-03-14,Spread B28/DAP28,0.027499999999999858,2025-03-14,#d62728
2025-03-17,Spread B28/DAP28,0.004999999999999893,2025-03-17,#d62728
2025-03-18,Spread B28/DAP28,0.022400000000000198,2025-03-18,#d62728
2025-03-19,Spread B28/DAP28,0.012399999999999523,2025-03-19,#d62728
2025-03-20,Spread B28/DAP28,0.03500000000000014,2025-03-20,#d62728
2025-03-21,Spread B28/DAP28,0.011600000000000499,2025-03-21,#d62728
2025-03-24,Spread B28/DAP28,0.015699999999999825,2025-03-24,#d62728
2025-03-25,Spread B28/DAP28,0.03500000000000014,2025-03-25,#d62728
2025-03-26,Spread B28/DAP28,0.015000000000000568,2025-03-26,#d62728
2025-03-27,Spread B28/DAP28,-0.009700000000000486,2025-03-27,#d62728
2025-03-31,Spread B28/DAP28,0.000700000000000145,2025-03-31,#d62728
2025-04-01,Spread B28/DAP28,0.03560000000000052,2025-04-01,#d62728
2025-04-02,Spread B28/DAP28,0.04579999999999984,2025-04-02,#d62728
2025-04-03,Spread B28/DAP28,0.09189999999999987,2025-04-03,#d62728
2025-04-04,Spread B28/DAP28,0.08719999999999928,2025-04-04,#d62728
2025-04-07,Spread B28/DAP28,0.04749999999999943,2025-04-07,#d62728
2025-04-08,Spread B28/DAP28,0.03500000000000014,2025-04-08,#d62728
2025-04-09,Spread B28/DAP28,0.04499999999999993,2025-04-09,#d62728
2025-04-10,Spread B28/DAP28,0.010999999999999233,2025-04-10,#d62728
2025-04-11,Spread B28/DAP28,0.045399999999999,2025-04-11,#d62728
2025-04-14,Spread B28/DAP28,0.0365000000000002,2025-04-14,#d62728
2025-04-15,Spread B28/DAP28,0.05410000000000004,2025-04-15,#d62728
2025-04-16,Spread B28/DAP28,0.03979999999999961,2025-04-16,#d62728
2025-04-17,Spread B28/DAP28,0.0649999999999995,2025-04-17,#d62728
2025-04-22,Spread B28/DAP28,0.05489999999999995,2025-04-22,#d62728
2025-04-23,Spread B28/DAP28,0.042500000000000426,2025-04-23,#d62728
2025-04-24,Spread B28/DAP28,0.03739999999999988,2025-04-24,#d62728
2025-04-25,Spread B28/DAP28,0.04220000000000024,2025-04-25,#d62728
2025-04-28,Spread B28/DAP28,0.05749999999999922,2025-04-28,#d62728
2024-04-29,Spread B30/DAP30,0.053000000000000824,2024-04-29,#9467bd
2024-04-30,Spread B30/DAP30,0.08850000000000069,2024-04-30,#9467bd
2024-05-02,Spread B30/DAP30,0.0823999999999998,2024-05-02,#9467bd
2024-05-06,Spread B30/DAP30,0.06990000000000052,2024-05-06,#9467bd
2024-05-07,Spread B30/DAP30,0.07480000000000064,2024-05-07,#9467bd
2024-05-15,Spread B30/DAP30,0.08230000000000004,2024-05-15,#9467bd
2024-05-21,Spread B30/DAP30,0.058099999999999596,2024-05-21,#9467bd
2024-05-23,Spread B30/DAP30,0.0884999999999998,2024-05-23,#9467bd
2024-05-24,Spread B30/DAP30,0.07000000000000028,2024-05-24,#9467bd
2024-05-27,Spread B30/DAP30,0.049900000000000055,2024-05-27,#9467bd
2024-05-28,Spread B30/DAP30,0.04610000000000003,2024-05-28,#9467bd
2024-06-03,Spread B30/DAP30,0.05239999999999956,2024-06-03,#9467bd
2024-06-04,Spread B30/DAP30,0.01669999999999927,2024-06-04,#9467bd
2024-06-05,Spread B30/DAP30,0.0,2024-06-05,#9467bd
2024-06-06,Spread B30/DAP30,0.050200000000000244,2024-06-06,#9467bd
2024-06-10,Spread B30/DAP30,0.018400000000000638,2024-06-10,#9467bd
2024-06-11,Spread B30/DAP30,-0.02970000000000006,2024-06-11,#9467bd
2024-06-14,Spread B30/DAP30,-0.00020000000000042206,2024-06-14,#9467bd
2024-06-27,Spread B30/DAP30,0.002500000000000391,2024-06-27,#9467bd
2024-06-28,Spread B30/DAP30,-0.06569999999999965,2024-06-28,#9467bd
2024-07-08,Spread B30/DAP30,-0.00020000000000042206,2024-07-08,#9467bd
2024-07-09,Spread B30/DAP30,-0.011400000000000077,2024-07-09,#9467bd
2024-07-12,Spread B30/DAP30,0.019700000000000273,2024-07-12,#9467bd
2024-07-17,Spread B30/DAP30,-0.002200000000000202,2024-07-17,#9467bd
2024-07-23,Spread B30/DAP30,-0.04610000000000003,2024-07-23,#9467bd
2024-07-24,Spread B30/DAP30,-0.024199999999999555,2024-07-24,#9467bd
2024-07-25,Spread B30/DAP30,-0.030899999999999928,2024-07-25,#9467bd
2024-07-26,Spread B30/DAP30,0.01839999999999975,2024-07-26,#9467bd
2024-07-30,Spread B30/DAP30,-0.010099999999999554,2024-07-30,#9467bd
2024-08-02,Spread B30/DAP30,-0.010100000000000442,2024-08-02,#9467bd
2024-08-05,Spread B30/DAP30,-0.010200000000000209,2024-08-05,#9467bd
2024-08-07,Spread B30/DAP30,0.007100000000000328,2024-08-07,#9467bd
2024-08-08,Spread B30/DAP30,0.01690000000000058,2024-08-08,#9467bd
2024-08-14,Spread B30/DAP30,0.022400000000000198,2024-08-14,#9467bd
2024-08-21,Spread B30/DAP30,0.019600000000000506,2024-08-21,#9467bd
2024-08-23,Spread B30/DAP30,0.02719999999999967,2024-08-23,#9467bd
2024-08-27,Spread B30/DAP30,0.01750000000000007,2024-08-27,#9467bd
2024-08-28,Spread B30/DAP30,-0.006099999999999994,2024-08-28,#9467bd
2024-08-30,Spread B30/DAP30,0.02999999999999936,2024-08-30,#9467bd
2024-09-02,Spread B30/DAP30,-0.014800000000000146,2024-09-02,#9467bd
2024-09-03,Spread B30/DAP30,0.030100000000000016,2024-09-03,#9467bd
2024-09-04,Spread B30/DAP30,0.014100000000000001,2024-09-04,#9467bd
2024-09-05,Spread B30/DAP30,-0.002500000000000391,2024-09-05,#9467bd
2024-09-06,Spread B30/DAP30,0.009999999999999787,2024-09-06,#9467bd
2024-09-09,Spread B30/DAP30,-0.0034999999999998366,2024-09-09,#9467bd
2024-09-10,Spread B30/DAP30,0.014499999999999957,2024-09-10,#9467bd
2024-09-11,Spread B30/DAP30,-0.004999999999999893,2024-09-11,#9467bd
2024-09-17,Spread B30/DAP30,0.012399999999999523,2024-09-17,#9467bd
2024-09-18,Spread B30/DAP30,0.0036999999999993705,2024-09-18,#9467bd
2024-09-23,Spread B30/DAP30,0.0129999999999999,2024-09-23,#9467bd
2024-09-24,Spread B30/DAP30,-0.00820000000000043,2024-09-24,#9467bd
2024-09-25,Spread B30/DAP30,-0.00649999999999995,2024-09-25,#9467bd
2024-09-26,Spread B30/DAP30,-0.011099999999999888,2024-09-26,#9467bd
2024-09-30,Spread B30/DAP30,-0.01949999999999985,2024-09-30,#9467bd
2024-10-01,Spread B30/DAP30,-0.014499999999999957,2024-10-01,#9467bd
2024-10-02,Spread B30/DAP30,-0.05250000000000021,2024-10-02,#9467bd
2024-10-03,Spread B30/DAP30,-0.025100000000000122,2024-10-03,#9467bd
2024-10-04,Spread B30/DAP30,-0.060099999999999376,2024-10-04,#9467bd
2024-10-08,Spread B30/DAP30,-0.04329999999999945,2024-10-08,#9467bd
2024-10-09,Spread B30/DAP30,-0.010799999999999699,2024-10-09,#9467bd
2024-10-10,Spread B30/DAP30,0.04699999999999971,2024-10-10,#9467bd
2024-10-11,Spread B30/DAP30,0.06760000000000055,2024-10-11,#9467bd
2024-10-14,Spread B30/DAP30,-0.030100000000000016,2024-10-14,#9467bd
2024-10-15,Spread B30/DAP30,-0.01440000000000019,2024-10-15,#9467bd
2024-10-16,Spread B30/DAP30,-0.020400000000000418,2024-10-16,#9467bd
2024-10-17,Spread B30/DAP30,-0.014900000000000801,2024-10-17,#9467bd
2024-10-18,Spread B30/DAP30,-0.011700000000000266,2024-10-18,#9467bd
2024-10-21,Spread B30/DAP30,-0.035199999999999676,2024-10-21,#9467bd
2024-10-22,Spread B30/DAP30,0.0035999999999996035,2024-10-22,#9467bd
2024-10-23,Spread B30/DAP30,-0.03369999999999962,2024-10-23,#9467bd
2024-10-24,Spread B30/DAP30,0.05690000000000062,2024-10-24,#9467bd
2024-10-25,Spread B30/DAP30,-0.023699999999999832,2024-10-25,#9467bd
2024-10-28,Spread B30/DAP30,-0.008000000000000007,2024-10-28,#9467bd
2024-10-29,Spread B30/DAP30,-0.05229999999999979,2024-10-29,#9467bd
2024-10-30,Spread B30/DAP30,-0.014499999999999957,2024-10-30,#9467bd
2024-10-31,Spread B30/DAP30,0.000300000000000189,2024-10-31,#9467bd
2024-11-05,Spread B30/DAP30,-0.004799999999999471,2024-11-05,#9467bd
2024-11-08,Spread B30/DAP30,0.006400000000000183,2024-11-08,#9467bd
2024-11-11,Spread B30/DAP30,-0.014699999999999491,2024-11-11,#9467bd
2024-11-12,Spread B30/DAP30,-0.058399999999999785,2024-11-12,#9467bd
2024-11-14,Spread B30/DAP30,-0.00509999999999966,2024-11-14,#9467bd
2024-11-18,Spread B30/DAP30,0.004400000000000404,2024-11-18,#9467bd
2024-11-21,Spread B30/DAP30,0.015399999999999636,2024-11-21,#9467bd
2024-11-22,Spread B30/DAP30,-0.017399999999999416,2024-11-22,#9467bd
2024-11-25,Spread B30/DAP30,0.006399999999999295,2024-11-25,#9467bd
2024-11-27,Spread B30/DAP30,-0.11969999999999992,2024-11-27,#9467bd
2024-12-03,Spread B30/DAP30,-0.01240000000000041,2024-12-03,#9467bd
2024-12-04,Spread B30/DAP30,0.006299999999999528,2024-12-04,#9467bd
2024-12-05,Spread B30/DAP30,-0.07260000000000044,2024-12-05,#9467bd
2024-12-06,Spread B30/DAP30,-0.058699999999999974,2024-12-06,#9467bd
2024-12-09,Spread B30/DAP30,0.010100000000000442,2024-12-09,#9467bd
2024-12-11,Spread B30/DAP30,0.14259999999999984,2024-12-11,#9467bd
2025-01-08,Spread B30/DAP30,0.06989999999999963,2025-01-08,#9467bd
2025-01-09,Spread B30/DAP30,0.05850000000000044,2025-01-09,#9467bd
2025-01-13,Spread B30/DAP30,-0.00509999999999966,2025-01-13,#9467bd
2025-01-14,Spread B30/DAP30,0.04239999999999977,2025-01-14,#9467bd
2025-01-15,Spread B30/DAP30,0.03489999999999949,2025-01-15,#9467bd
2025-01-17,Spread B30/DAP30,0.060100000000000264,2025-01-17,#9467bd
2025-01-20,Spread B30/DAP30,0.05000000000000071,2025-01-20,#9467bd
2025-01-21,Spread B30/DAP30,0.03160000000000007,2025-01-21,#9467bd
2025-01-22,Spread B30/DAP30,0.05999999999999961,2025-01-22,#9467bd
2025-01-23,Spread B30/DAP30,0.054999999999999716,2025-01-23,#9467bd
2025-01-24,Spread B30/DAP30,0.03640000000000043,2025-01-24,#9467bd
2025-01-27,Spread B30/DAP30,0.04750000000000032,2025-01-27,#9467bd
2025-01-28,Spread B30/DAP30,0.05250000000000021,2025-01-28,#9467bd
2025-01-29,Spread B30/DAP30,0.07039999999999935,2025-01-29,#9467bd
2025-01-30,Spread B30/DAP30,0.17490000000000006,2025-01-30,#9467bd
2025-01-31,Spread B30/DAP30,0.07000000000000028,2025-01-31,#9467bd
2025-02-03,Spread B30/DAP30,0.04499999999999993,2025-02-03,#9467bd
2025-02-04,Spread B30/DAP30,0.0622000000000007,2025-02-04,#9467bd
2025-02-05,Spread B30/DAP30,0.04499999999999993,2025-02-05,#9467bd
2025-02-06,Spread B30/DAP30,0.04499999999999993,2025-02-06,#9467bd
2025-02-07,Spread B30/DAP30,0.054999999999999716,2025-02-07,#9467bd
2025-02-10,Spread B30/DAP30,0.04999999999999982,2025-02-10,#9467bd
2025-02-11,Spread B30/DAP30,0.05120000000000058,2025-02-11,#9467bd
2025-02-12,Spread B30/DAP30,0.022499999999999964,2025-02-12,#9467bd
2025-02-13,Spread B30/DAP30,0.0472999999999999,2025-02-13,#9467bd
2025-02-17,Spread B30/DAP30,0.05370000000000008,2025-02-17,#9467bd
2025-02-21,Spread B30/DAP30,0.054999999999999716,2025-02-21,#9467bd
2025-02-24,Spread B30/DAP30,0.000600000000000378,2025-02-24,#9467bd
2025-02-25,Spread B30/DAP30,0.032999999999999474,2025-02-25,#9467bd
2025-02-26,Spread B30/DAP30,0.05069999999999997,2025-02-26,#9467bd
2025-02-27,Spread B30/DAP30,-0.025299999999999656,2025-02-27,#9467bd
2025-02-28,Spread B30/DAP30,0.06590000000000007,2025-02-28,#9467bd
2025-03-06,Spread B30/DAP30,0.05250000000000021,2025-03-06,#9467bd
2025-03-07,Spread B30/DAP30,0.02210000000000001,2025-03-07,#9467bd
2025-03-10,Spread B30/DAP30,0.03249999999999975,2025-03-10,#9467bd
2025-03-11,Spread B30/DAP30,0.03390000000000004,2025-03-11,#9467bd
2025-03-12,Spread B30/DAP30,0.049599999999999866,2025-03-12,#9467bd
2025-03-13,Spread B30/DAP30,0.025000000000000355,2025-03-13,#9467bd
2025-03-14,Spread B30/DAP30,0.012500000000000178,2025-03-14,#9467bd
2025-03-17,Spread B30/DAP30,0.026100000000000456,2025-03-17,#9467bd
2025-03-18,Spread B30/DAP30,0.02740000000000009,2025-03-18,#9467bd
2025-03-19,Spread B30/DAP30,0.02859999999999996,2025-03-19,#9467bd
2025-03-20,Spread B30/DAP30,0.03570000000000029,2025-03-20,#9467bd
2025-03-21,Spread B30/DAP30,0.06599999999999984,2025-03-21,#9467bd
2025-03-24,Spread B30/DAP30,0.029900000000000482,2025-03-24,#9467bd
2025-03-25,Spread B30/DAP30,0.03559999999999963,2025-03-25,#9467bd
2025-03-26,Spread B30/DAP30,0.024999999999999467,2025-03-26,#9467bd
2025-03-27,Spread B30/DAP30,0.011099999999999888,2025-03-27,#9467bd
2025-03-31,Spread B30/DAP30,0.03560000000000052,2025-03-31,#9467bd
2025-04-01,Spread B30/DAP30,0.07139999999999969,2025-04-01,#9467bd
2025-04-02,Spread B30/DAP30,0.05989999999999984,2025-04-02,#9467bd
2025-04-03,Spread B30/DAP30,0.10000000000000053,2025-04-03,#9467bd
2025-04-04,Spread B30/DAP30,0.07030000000000047,2025-04-04,#9467bd
2025-04-07,Spread B30/DAP30,0.05819999999999936,2025-04-07,#9467bd
2025-04-08,Spread B30/DAP30,0.03249999999999975,2025-04-08,#9467bd
2025-04-09,Spread B30/DAP30,0.04780000000000051,2025-04-09,#9467bd
2025-04-10,Spread B30/DAP30,0.04039999999999999,2025-04-10,#9467bd
2025-04-11,Spread B30/DAP30,0.039700000000000735,2025-04-11,#9467bd
2025-04-14,Spread B30/DAP30,0.03500000000000014,2025-04-14,#9467bd
2025-04-15,Spread B30/DAP30,0.04329999999999945,2025-04-15,#9467bd
2025-04-16,Spread B30/DAP30,0.06310000000000038,2025-04-16,#9467bd
2025-04-17,Spread B30/DAP30,0.0649999999999995,2025-04-17,#9467bd
2025-04-22,Spread B30/DAP30,0.07489999999999952,2025-04-22,#9467bd
2025-04-23,Spread B30/DAP30,0.05849999999999955,2025-04-23,#9467bd
2025-04-24,Spread B30/DAP30,0.08499999999999996,2025-04-24,#9467bd
2025-04-25,Spread B30/DAP30,0.0682999999999998,2025-04-25,#9467bd
2025-04-28,Spread B30/DAP30,0.06500000000000039,2025-04-28,#9467bd
2024-04-29,Spread B32/DAP32,0.060399999999999565,2024-04-29,#8c564b
2024-04-30,Spread B32/DAP32,0.0699999999999994,2024-04-30,#8c564b
2024-05-02,Spread B32/DAP32,0.08990000000000009,2024-05-02,#8c564b
2024-05-06,Spread B32/DAP32,0.07760000000000034,2024-05-06,#8c564b
2024-05-07,Spread B32/DAP32,0.08969999999999967,2024-05-07,#8c564b
2024-05-15,Spread B32/DAP32,0.09199999999999964,2024-05-15,#8c564b
2024-05-21,Spread B32/DAP32,0.06920000000000037,2024-05-21,#8c564b
2024-05-23,Spread B32/DAP32,0.05940000000000012,2024-05-23,#8c564b
2024-05-24,Spread B32/DAP32,0.05689999999999973,2024-05-24,#8c564b
2024-05-27,Spread B32/DAP32,0.031299999999999883,2024-05-27,#8c564b
2024-05-28,Spread B32/DAP32,0.033500000000000085,2024-05-28,#8c564b
2024-06-03,Spread B32/DAP32,0.045900000000000496,2024-06-03,#8c564b
2024-06-04,Spread B32/DAP32,-0.005300000000000082,2024-06-04,#8c564b
2024-06-05,Spread B32/DAP32,0.014800000000000146,2024-06-05,#8c564b
2024-06-06,Spread B32/DAP32,0.029899999999999594,2024-06-06,#8c564b
2024-06-10,Spread B32/DAP32,0.01670000000000016,2024-06-10,#8c564b
2024-06-11,Spread B32/DAP32,-0.007299999999999862,2024-06-11,#8c564b
2024-06-14,Spread B32/DAP32,-0.02540000000000031,2024-06-14,#8c564b
2024-06-27,Spread B32/DAP32,0.00990000000000002,2024-06-27,#8c564b
2024-06-28,Spread B32/DAP32,-0.05269999999999975,2024-06-28,#8c564b
2024-07-08,Spread B32/DAP32,0.007399999999999629,2024-07-08,#8c564b
2024-07-09,Spread B32/DAP32,0.00649999999999995,2024-07-09,#8c564b
2024-07-12,Spread B32/DAP32,0.03149999999999942,2024-07-12,#8c564b
2024-07-17,Spread B32/DAP32,0.007800000000000473,2024-07-17,#8c564b
2024-07-23,Spread B32/DAP32,-0.010100000000000442,2024-07-23,#8c564b
2024-07-24,Spread B32/DAP32,-0.009800000000000253,2024-07-24,#8c564b
2024-07-25,Spread B32/DAP32,-0.02090000000000014,2024-07-25,#8c564b
2024-07-26,Spread B32/DAP32,0.017100000000000115,2024-07-26,#8c564b
2024-07-30,Spread B32/DAP32,0.007400000000000517,2024-07-30,#8c564b
2024-08-02,Spread B32/DAP32,-0.010099999999999554,2024-08-02,#8c564b
2024-08-05,Spread B32/DAP32,-0.010100000000000442,2024-08-05,#8c564b
2024-08-07,Spread B32/DAP32,-0.008599999999999497,2024-08-07,#8c564b
2024-08-08,Spread B32/DAP32,0.0129999999999999,2024-08-08,#8c564b
2024-08-14,Spread B32/DAP32,0.009100000000000108,2024-08-14,#8c564b
2024-08-21,Spread B32/DAP32,0.040300000000000225,2024-08-21,#8c564b
2024-08-23,Spread B32/DAP32,0.040300000000000225,2024-08-23,#8c564b
2024-08-27,Spread B32/DAP32,0.04670000000000041,2024-08-27,#8c564b
2024-08-28,Spread B32/DAP32,0.02010000000000023,2024-08-28,#8c564b
2024-08-30,Spread B32/DAP32,0.030899999999999928,2024-08-30,#8c564b
2024-09-02,Spread B32/DAP32,0.01100000000000012,2024-09-02,#8c564b
2024-09-03,Spread B32/DAP32,0.01750000000000007,2024-09-03,#8c564b
2024-09-04,Spread B32/DAP32,0.03049999999999997,2024-09-04,#8c564b
2024-09-05,Spread B32/DAP32,0.023299999999999876,2024-09-05,#8c564b
2024-09-06,Spread B32/DAP32,0.027399999999999203,2024-09-06,#8c564b
2024-09-09,Spread B32/DAP32,0.008300000000000196,2024-09-09,#8c564b
2024-09-10,Spread B32/DAP32,0.041999999999999815,2024-09-10,#8c564b
2024-09-11,Spread B32/DAP32,0.02239999999999931,2024-09-11,#8c564b
2024-09-17,Spread B32/DAP32,0.029899999999999594,2024-09-17,#8c564b
2024-09-18,Spread B32/DAP32,0.028700000000000614,2024-09-18,#8c564b
2024-09-23,Spread B32/DAP32,0.05989999999999984,2024-09-23,#8c564b
2024-09-24,Spread B32/DAP32,-0.011200000000000543,2024-09-24,#8c564b
2024-09-25,Spread B32/DAP32,-0.011099999999999888,2024-09-25,#8c564b
2024-09-26,Spread B32/DAP32,0.0018000000000002458,2024-09-26,#8c564b
2024-09-30,Spread B32/DAP32,0.007600000000000051,2024-09-30,#8c564b
2024-10-01,Spread B32/DAP32,-0.00010000000000065512,2024-10-01,#8c564b
2024-10-02,Spread B32/DAP32,-0.025100000000000122,2024-10-02,#8c564b
2024-10-03,Spread B32/DAP32,-0.02289999999999992,2024-10-03,#8c564b
2024-10-04,Spread B32/DAP32,-0.05290000000000017,2024-10-04,#8c564b
2024-10-08,Spread B32/DAP32,-0.025100000000000122,2024-10-08,#8c564b
2024-10-09,Spread B32/DAP32,-0.012000000000000455,2024-10-09,#8c564b
2024-10-10,Spread B32/DAP32,0.029499999999999638,2024-10-10,#8c564b
2024-10-11,Spread B32/DAP32,0.00990000000000002,2024-10-11,#8c564b
2024-10-14,Spread B32/DAP32,-0.0389999999999997,2024-10-14,#8c564b
2024-10-15,Spread B32/DAP32,-0.048199999999999577,2024-10-15,#8c564b
2024-10-16,Spread B32/DAP32,-0.0020999999999995467,2024-10-16,#8c564b
2024-10-17,Spread B32/DAP32,-0.013399999999999856,2024-10-17,#8c564b
2024-10-18,Spread B32/DAP32,-0.05010000000000048,2024-10-18,#8c564b
2024-10-21,Spread B32/DAP32,-0.008700000000000152,2024-10-21,#8c564b
2024-10-22,Spread B32/DAP32,-0.0011999999999998678,2024-10-22,#8c564b
2024-10-23,Spread B32/DAP32,-0.009399999999999409,2024-10-23,#8c564b
2024-10-24,Spread B32/DAP32,0.11209999999999987,2024-10-24,#8c564b
2024-10-25,Spread B32/DAP32,-0.03029999999999955,2024-10-25,#8c564b
2024-10-28,Spread B32/DAP32,-0.015700000000000713,2024-10-28,#8c564b
2024-10-29,Spread B32/DAP32,-0.04290000000000038,2024-10-29,#8c564b
2024-10-30,Spread B32/DAP32,-0.02719999999999967,2024-10-30,#8c564b
2024-10-31,Spread B32/DAP32,0.010299999999999976,2024-10-31,#8c564b
2024-11-05,Spread B32/DAP32,0.038599999999999746,2024-11-05,#8c564b
2024-11-08,Spread B32/DAP32,0.011800000000000033,2024-11-08,#8c564b
2024-11-11,Spread B32/DAP32,-0.010100000000000442,2024-11-11,#8c564b
2024-11-12,Spread B32/DAP32,-0.05039999999999978,2024-11-12,#8c564b
2024-11-14,Spread B32/DAP32,-0.0030000000000001137,2024-11-14,#8c564b
2024-11-18,Spread B32/DAP32,0.00790000000000024,2024-11-18,#8c564b
2024-11-21,Spread B32/DAP32,-0.00039999999999995595,2024-11-21,#8c564b
2024-11-22,Spread B32/DAP32,-0.009799999999999365,2024-11-22,#8c564b
2024-11-25,Spread B32/DAP32,0.022299999999999542,2024-11-25,#8c564b
2024-11-27,Spread B32/DAP32,-0.1216999999999997,2024-11-27,#8c564b
2024-12-03,Spread B32/DAP32,9.999999999976694e-05,2024-12-03,#8c564b
2024-12-04,Spread B32/DAP32,0.019899999999999807,2024-12-04,#8c564b
2024-12-05,Spread B32/DAP32,-0.02009999999999934,2024-12-05,#8c564b
2024-12-06,Spread B32/DAP32,0.019899999999999807,2024-12-06,#8c564b
2024-12-09,Spread B32/DAP32,0.013499999999999623,2024-12-09,#8c564b
2024-12-11,Spread B32/DAP32,0.11509999999999998,2024-12-11,#8c564b
2025-01-08,Spread B32/DAP32,0.05989999999999984,2025-01-08,#8c564b
2025-01-09,Spread B32/DAP32,0.006899999999999906,2025-01-09,#8c564b
2025-01-13,Spread B32/DAP32,0.00990000000000002,2025-01-13,#8c564b
2025-01-14,Spread B32/DAP32,0.0823999999999998,2025-01-14,#8c564b
2025-01-15,Spread B32/DAP32,0.03849999999999998,2025-01-15,#8c564b
2025-01-17,Spread B32/DAP32,0.07000000000000028,2025-01-17,#8c564b
2025-01-20,Spread B32/DAP32,0.03990000000000027,2025-01-20,#8c564b
2025-01-21,Spread B32/DAP32,0.03990000000000027,2025-01-21,#8c564b
2025-01-22,Spread B32/DAP32,0.03500000000000014,2025-01-22,#8c564b
2025-01-23,Spread B32/DAP32,0.04290000000000038,2025-01-23,#8c564b
2025-01-24,Spread B32/DAP32,0.06259999999999888,2025-01-24,#8c564b
2025-01-27,Spread B32/DAP32,0.029899999999999594,2025-01-27,#8c564b
2025-01-28,Spread B32/DAP32,0.05000000000000071,2025-01-28,#8c564b
2025-01-29,Spread B32/DAP32,0.05909999999999993,2025-01-29,#8c564b
2025-01-30,Spread B32/DAP32,0.040000000000000036,2025-01-30,#8c564b
2025-01-31,Spread B32/DAP32,0.0600000000000005,2025-01-31,#8c564b
2025-02-03,Spread B32/DAP32,0.0004999999999997229,2025-02-03,#8c564b
2025-02-04,Spread B32/DAP32,0.07000000000000028,2025-02-04,#8c564b
2025-02-05,Spread B32/DAP32,0.049900000000000055,2025-02-05,#8c564b
2025-02-06,Spread B32/DAP32,0.07969999999999988,2025-02-06,#8c564b
2025-02-07,Spread B32/DAP32,0.06500000000000039,2025-02-07,#8c564b
2025-02-10,Spread B32/DAP32,0.0528000000000004,2025-02-10,#8c564b
2025-02-11,Spread B32/DAP32,0.019600000000000506,2025-02-11,#8c564b
2025-02-12,Spread B32/DAP32,0.028100000000000236,2025-02-12,#8c564b
2025-02-13,Spread B32/DAP32,0.05520000000000014,2025-02-13,#8c564b
2025-02-17,Spread B32/DAP32,0.02490000000000059,2025-02-17,#8c564b
2025-02-21,Spread B32/DAP32,0.03750000000000053,2025-02-21,#8c564b
2025-02-24,Spread B32/DAP32,-0.019599999999999618,2025-02-24,#8c564b
2025-02-25,Spread B32/DAP32,0.03190000000000026,2025-02-25,#8c564b
2025-02-26,Spread B32/DAP32,-0.0024999999999995026,2025-02-26,#8c564b
2025-02-27,Spread B32/DAP32,-0.038000000000000256,2025-02-27,#8c564b
2025-02-28,Spread B32/DAP32,0.06790000000000074,2025-02-28,#8c564b
2025-03-06,Spread B32/DAP32,0.0600000000000005,2025-03-06,#8c564b
2025-03-07,Spread B32/DAP32,0.03270000000000017,2025-03-07,#8c564b
2025-03-10,Spread B32/DAP32,0.022499999999999964,2025-03-10,#8c564b
2025-03-11,Spread B32/DAP32,0.028500000000000192,2025-03-11,#8c564b
2025-03-12,Spread B32/DAP32,0.043400000000000105,2025-03-12,#8c564b
2025-03-13,Spread B32/DAP32,0.049900000000000055,2025-03-13,#8c564b
2025-03-14,Spread B32/DAP32,0.010399999999999743,2025-03-14,#8c564b
2025-03-17,Spread B32/DAP32,0.024999999999999467,2025-03-17,#8c564b
2025-03-18,Spread B32/DAP32,0.03739999999999988,2025-03-18,#8c564b
2025-03-19,Spread B32/DAP32,0.018500000000000405,2025-03-19,#8c564b
2025-03-20,Spread B32/DAP32,0.03049999999999997,2025-03-20,#8c564b
2025-03-21,Spread B32/DAP32,0.017000000000000348,2025-03-21,#8c564b
2025-03-24,Spread B32/DAP32,0.0343,2025-03-24,#8c564b
2025-03-25,Spread B32/DAP32,0.03509999999999991,2025-03-25,#8c564b
2025-03-26,Spread B32/DAP32,0.040000000000000036,2025-03-26,#8c564b
2025-03-27,Spread B32/DAP32,0.05259999999999998,2025-03-27,#8c564b
2025-03-31,Spread B32/DAP32,0.04999999999999982,2025-03-31,#8c564b
2025-04-01,Spread B32/DAP32,0.06240000000000023,2025-04-01,#8c564b
2025-04-02,Spread B32/DAP32,0.0799000000000003,2025-04-02,#8c564b
2025-04-03,Spread B32/DAP32,0.03000000000000025,2025-04-03,#8c564b
2025-04-04,Spread B32/DAP32,0.04749999999999943,2025-04-04,#8c564b
2025-04-07,Spread B32/DAP32,0.0600000000000005,2025-04-07,#8c564b
2025-04-08,Spread B32/DAP32,0.03000000000000025,2025-04-08,#8c564b
2025-04-09,Spread B32/DAP32,0.04490000000000016,2025-04-09,#8c564b
2025-04-10,Spread B32/DAP32,0.04079999999999995,2025-04-10,#8c564b
2025-04-11,Spread B32/DAP32,0.056700000000000195,2025-04-11,#8c564b
2025-04-14,Spread B32/DAP32,0.04999999999999982,2025-04-14,#8c564b
2025-04-15,Spread B32/DAP32,0.05860000000000021,2025-04-15,#8c564b
2025-04-16,Spread B32/DAP32,0.052400000000000446,2025-04-16,#8c564b
2025-04-17,Spread B32/DAP32,0.03750000000000053,2025-04-17,#8c564b
2025-04-22,Spread B32/DAP32,0.05999999999999961,2025-04-22,#8c564b
2025-04-23,Spread B32/DAP32,0.05030000000000001,2025-04-23,#8c564b
2025-04-24,Spread B32/DAP32,0.07000000000000028,2025-04-24,#8c564b
2025-04-25,Spread B32/DAP32,0.07060000000000066,2025-04-25,#8c564b
2025-04-28,Spread B32/DAP32,0.0754999999999999,2025-04-28,#8c564b
2024-04-29,Spread B35/DAP35,0.07680000000000042,2024-04-29,#e377c2
2024-04-30,Spread B35/DAP35,0.03249999999999975,2024-04-30,#e377c2
2024-05-02,Spread B35/DAP35,0.0823999999999998,2024-05-02,#e377c2
2024-05-06,Spread B35/DAP35,0.0799000000000003,2024-05-06,#e377c2
2024-05-07,Spread B35/DAP35,0.0907,2024-05-07,#e377c2
2024-05-15,Spread B35/DAP35,0.07989999999999942,2024-05-15,#e377c2
2024-05-21,Spread B35/DAP35,0.05710000000000015,2024-05-21,#e377c2
2024-05-23,Spread B35/DAP35,0.059800000000000075,2024-05-23,#e377c2
2024-05-24,Spread B35/DAP35,0.03790000000000049,2024-05-24,#e377c2
2024-05-27,Spread B35/DAP35,0.03049999999999997,2024-05-27,#e377c2
2024-05-28,Spread B35/DAP35,0.06369999999999987,2024-05-28,#e377c2
2024-06-03,Spread B35/DAP35,0.04940000000000033,2024-06-03,#e377c2
2024-06-04,Spread B35/DAP35,0.0006999999999992568,2024-06-04,#e377c2
2024-06-05,Spread B35/DAP35,0.007500000000000284,2024-06-05,#e377c2
2024-06-06,Spread B35/DAP35,0.05959999999999965,2024-06-06,#e377c2
2024-06-10,Spread B35/DAP35,0.0048000000000003595,2024-06-10,#e377c2
2024-06-11,Spread B35/DAP35,-0.004399999999999515,2024-06-11,#e377c2
2024-06-14,Spread B35/DAP35,0.014899999999999913,2024-06-14,#e377c2
2024-06-27,Spread B35/DAP35,0.027499999999999858,2024-06-27,#e377c2
2024-06-28,Spread B35/DAP35,-0.03480000000000061,2024-06-28,#e377c2
2024-07-08,Spread B35/DAP35,0.014399999999999302,2024-07-08,#e377c2
2024-07-09,Spread B35/DAP35,0.02030000000000065,2024-07-09,#e377c2
2024-07-12,Spread B35/DAP35,0.009500000000000064,2024-07-12,#e377c2
2024-07-17,Spread B35/DAP35,0.00019999999999953388,2024-07-17,#e377c2
2024-07-23,Spread B35/DAP35,0.0005999999999994898,2024-07-23,#e377c2
2024-07-24,Spread B35/DAP35,0.010500000000000398,2024-07-24,#e377c2
2024-07-25,Spread B35/DAP35,0.031000000000000583,2024-07-25,#e377c2
2024-07-26,Spread B35/DAP35,0.032099999999999795,2024-07-26,#e377c2
2024-07-30,Spread B35/DAP35,-0.00509999999999966,2024-07-30,#e377c2
2024-08-02,Spread B35/DAP35,0.029899999999999594,2024-08-02,#e377c2
2024-08-05,Spread B35/DAP35,-0.027000000000000135,2024-08-05,#e377c2
2024-08-07,Spread B35/DAP35,0.005399999999999849,2024-08-07,#e377c2
2024-08-08,Spread B35/DAP35,0.045700000000000074,2024-08-08,#e377c2
2024-08-14,Spread B35/DAP35,0.0506000000000002,2024-08-14,#e377c2
2024-08-21,Spread B35/DAP35,0.07989999999999942,2024-08-21,#e377c2
2024-08-23,Spread B35/DAP35,0.0658000000000003,2024-08-23,#e377c2
2024-08-27,Spread B35/DAP35,0.05989999999999984,2024-08-27,#e377c2
2024-08-28,Spread B35/DAP35,0.0812999999999997,2024-08-28,#e377c2
2024-08-30,Spread B35/DAP35,0.029599999999999405,2024-08-30,#e377c2
2024-09-02,Spread B35/DAP35,-0.006999999999999673,2024-09-02,#e377c2
2024-09-03,Spread B35/DAP35,0.03989999999999938,2024-09-03,#e377c2
2024-09-04,Spread B35/DAP35,0.03000000000000025,2024-09-04,#e377c2
2024-09-05,Spread B35/DAP35,0.03810000000000002,2024-09-05,#e377c2
2024-09-06,Spread B35/DAP35,0.03770000000000007,2024-09-06,#e377c2
2024-09-09,Spread B35/DAP35,0.015499999999999403,2024-09-09,#e377c2
2024-09-10,Spread B35/DAP35,0.03249999999999975,2024-09-10,#e377c2
2024-09-11,Spread B35/DAP35,0.029900000000000482,2024-09-11,#e377c2
2024-09-17,Spread B35/DAP35,0.03989999999999938,2024-09-17,#e377c2
2024-09-18,Spread B35/DAP35,0.027800000000000047,2024-09-18,#e377c2
2024-09-23,Spread B35/DAP35,0.04129999999999967,2024-09-23,#e377c2
2024-09-24,Spread B35/DAP35,-0.010299999999999976,2024-09-24,#e377c2
2024-09-25,Spread B35/DAP35,0.05909999999999993,2024-09-25,#e377c2
2024-09-26,Spread B35/DAP35,0.018600000000000172,2024-09-26,#e377c2
2024-09-30,Spread B35/DAP35,-0.03219999999999956,2024-09-30,#e377c2
2024-10-01,Spread B35/DAP35,0.010600000000000165,2024-10-01,#e377c2
2024-10-02,Spread B35/DAP35,-0.022999999999999687,2024-10-02,#e377c2
2024-10-03,Spread B35/DAP35,-0.009699999999999598,2024-10-03,#e377c2
2024-10-04,Spread B35/DAP35,-0.05959999999999965,2024-10-04,#e377c2
2024-10-08,Spread B35/DAP35,-0.03220000000000045,2024-10-08,#e377c2
2024-10-09,Spread B35/DAP35,0.010200000000000209,2024-10-09,#e377c2
2024-10-10,Spread B35/DAP35,0.05989999999999984,2024-10-10,#e377c2
2024-10-11,Spread B35/DAP35,-0.00010000000000065512,2024-10-11,#e377c2
2024-10-14,Spread B35/DAP35,-0.010699999999999932,2024-10-14,#e377c2
2024-10-15,Spread B35/DAP35,-0.005300000000000082,2024-10-15,#e377c2
2024-10-16,Spread B35/DAP35,-0.020000000000000462,2024-10-16,#e377c2
2024-10-17,Spread B35/DAP35,0.026400000000000645,2024-10-17,#e377c2
2024-10-18,Spread B35/DAP35,-0.06180000000000074,2024-10-18,#e377c2
2024-10-21,Spread B35/DAP35,0.010900000000000354,2024-10-21,#e377c2
2024-10-22,Spread B35/DAP35,0.00990000000000002,2024-10-22,#e377c2
2024-10-23,Spread B35/DAP35,-0.029900000000000482,2024-10-23,#e377c2
2024-10-24,Spread B35/DAP35,-0.015399999999999636,2024-10-24,#e377c2
2024-10-25,Spread B35/DAP35,-0.010299999999999976,2024-10-25,#e377c2
2024-10-28,Spread B35/DAP35,-0.01929999999999943,2024-10-28,#e377c2
2024-10-29,Spread B35/DAP35,-0.010799999999999699,2024-10-29,#e377c2
2024-10-30,Spread B35/DAP35,-0.005199999999999427,2024-10-30,#e377c2
2024-10-31,Spread B35/DAP35,0.009599999999999831,2024-10-31,#e377c2
2024-11-05,Spread B35/DAP35,-0.00020000000000042206,2024-11-05,#e377c2
2024-11-08,Spread B35/DAP35,0.013600000000000279,2024-11-08,#e377c2
2024-11-11,Spread B35/DAP35,0.0049000000000001265,2024-11-11,#e377c2
2024-11-12,Spread B35/DAP35,-0.06099999999999994,2024-11-12,#e377c2
2024-11-14,Spread B35/DAP35,0.00010000000000065512,2024-11-14,#e377c2
2024-11-18,Spread B35/DAP35,0.030100000000000016,2024-11-18,#e377c2
2024-11-21,Spread B35/DAP35,0.017700000000000493,2024-11-21,#e377c2
2024-11-22,Spread B35/DAP35,-0.010699999999999932,2024-11-22,#e377c2
2024-11-25,Spread B35/DAP35,0.0013999999999994017,2024-11-25,#e377c2
2024-11-27,Spread B35/DAP35,-0.1192000000000002,2024-11-27,#e377c2
2024-12-03,Spread B35/DAP35,-0.020500000000000185,2024-12-03,#e377c2
2024-12-04,Spread B35/DAP35,0.00990000000000002,2024-12-04,#e377c2
2024-12-05,Spread B35/DAP35,-0.010099999999999554,2024-12-05,#e377c2
2024-12-06,Spread B35/DAP35,-0.014599999999999724,2024-12-06,#e377c2
2024-12-09,Spread B35/DAP35,0.01130000000000031,2024-12-09,#e377c2
2024-12-11,Spread B35/DAP35,0.1247000000000007,2024-12-11,#e377c2
2025-01-08,Spread B35/DAP35,0.05989999999999984,2025-01-08,#e377c2
2025-01-09,Spread B35/DAP35,0.01750000000000007,2025-01-09,#e377c2
2025-01-13,Spread B35/DAP35,0.019900000000000695,2025-01-13,#e377c2
2025-01-14,Spread B35/DAP35,0.05489999999999995,2025-01-14,#e377c2
2025-01-15,Spread B35/DAP35,-0.0026000000000001577,2025-01-15,#e377c2
2025-01-17,Spread B35/DAP35,0.012399999999999523,2025-01-17,#e377c2
2025-01-20,Spread B35/DAP35,0.004799999999999471,2025-01-20,#e377c2
2025-01-21,Spread B35/DAP35,0.017400000000000304,2025-01-21,#e377c2
2025-01-22,Spread B35/DAP35,0.03249999999999975,2025-01-22,#e377c2
2025-01-23,Spread B35/DAP35,0.025000000000000355,2025-01-23,#e377c2
2025-01-24,Spread B35/DAP35,0.060900000000000176,2025-01-24,#e377c2
2025-01-27,Spread B35/DAP35,0.024999999999999467,2025-01-27,#e377c2
2025-01-28,Spread B35/DAP35,0.03000000000000025,2025-01-28,#e377c2
2025-01-29,Spread B35/DAP35,0.0484,2025-01-29,#e377c2
2025-01-30,Spread B35/DAP35,0.04499999999999993,2025-01-30,#e377c2
2025-01-31,Spread B35/DAP35,-9.999999999976694e-05,2025-01-31,#e377c2
2025-02-03,Spread B35/DAP35,0.032399999999999984,2025-02-03,#e377c2
2025-02-04,Spread B35/DAP35,0.02740000000000009,2025-02-04,#e377c2
2025-02-05,Spread B35/DAP35,0.030100000000000016,2025-02-05,#e377c2
2025-02-06,Spread B35/DAP35,0.06989999999999963,2025-02-06,#e377c2
2025-02-07,Spread B35/DAP35,0.04499999999999993,2025-02-07,#e377c2
2025-02-10,Spread B35/DAP35,0.01750000000000007,2025-02-10,#e377c2
2025-02-11,Spread B35/DAP35,0.004600000000000826,2025-02-11,#e377c2
2025-02-12,Spread B35/DAP35,0.0023999999999997357,2025-02-12,#e377c2
2025-02-13,Spread B35/DAP35,0.030100000000000016,2025-02-13,#e377c2
2025-02-17,Spread B35/DAP35,0.02490000000000059,2025-02-17,#e377c2
2025-02-21,Spread B35/DAP35,0.04459999999999997,2025-02-21,#e377c2
2025-02-24,Spread B35/DAP35,-0.011999999999999567,2025-02-24,#e377c2
2025-02-25,Spread B35/DAP35,0.06740000000000013,2025-02-25,#e377c2
2025-02-26,Spread B35/DAP35,0.03219999999999956,2025-02-26,#e377c2
2025-02-27,Spread B35/DAP35,-0.026199999999999335,2025-02-27,#e377c2
2025-02-28,Spread B35/DAP35,-0.017799999999999372,2025-02-28,#e377c2
2025-03-06,Spread B35/DAP35,0.05180000000000007,2025-03-06,#e377c2
2025-03-07,Spread B35/DAP35,0.014600000000000612,2025-03-07,#e377c2
2025-03-10,Spread B35/DAP35,0.019899999999999807,2025-03-10,#e377c2
2025-03-11,Spread B35/DAP35,0.027299999999999436,2025-03-11,#e377c2
2025-03-12,Spread B35/DAP35,0.054999999999999716,2025-03-12,#e377c2
2025-03-13,Spread B35/DAP35,0.02999999999999936,2025-03-13,#e377c2
2025-03-14,Spread B35/DAP35,0.029899999999999594,2025-03-14,#e377c2
2025-03-17,Spread B35/DAP35,0.0049000000000001265,2025-03-17,#e377c2
2025-03-18,Spread B35/DAP35,0.029599999999999405,2025-03-18,#e377c2
2025-03-19,Spread B35/DAP35,0.0246000000000004,2025-03-19,#e377c2
2025-03-20,Spread B35/DAP35,0.0248999999999997,2025-03-20,#e377c2
2025-03-21,Spread B35/DAP35,0.029799999999999827,2025-03-21,#e377c2
2025-03-24,Spread B35/DAP35,0.03990000000000027,2025-03-24,#e377c2
2025-03-25,Spread B35/DAP35,0.024999999999999467,2025-03-25,#e377c2
2025-03-26,Spread B35/DAP35,0.04459999999999997,2025-03-26,#e377c2
2025-03-27,Spread B35/DAP35,-0.0062000000000006494,2025-03-27,#e377c2
2025-03-31,Spread B35/DAP35,0.040000000000000036,2025-03-31,#e377c2
2025-04-01,Spread B35/DAP35,0.07500000000000018,2025-04-01,#e377c2
2025-04-02,Spread B35/DAP35,0.04499999999999993,2025-04-02,#e377c2
2025-04-03,Spread B35/DAP35,0.05489999999999995,2025-04-03,#e377c2
2025-04-04,Spread B35/DAP35,0.08749999999999947,2025-04-04,#e377c2
2025-04-07,Spread B35/DAP35,0.06490000000000062,2025-04-07,#e377c2
2025-04-08,Spread B35/DAP35,0.042500000000000426,2025-04-08,#e377c2
2025-04-09,Spread B35/DAP35,0.06490000000000062,2025-04-09,#e377c2
2025-04-10,Spread B35/DAP35,0.036599999999999966,2025-04-10,#e377c2
2025-04-11,Spread B35/DAP35,0.07570000000000032,2025-04-11,#e377c2
2025-04-14,Spread B35/DAP35,0.07000000000000028,2025-04-14,#e377c2
2025-04-15,Spread B35/DAP35,0.019099999999999895,2025-04-15,#e377c2
2025-04-16,Spread B35/DAP35,0.07110000000000039,2025-04-16,#e377c2
2025-04-17,Spread B35/DAP35,0.08479999999999954,2025-04-17,#e377c2
2025-04-22,Spread B35/DAP35,0.06419999999999959,2025-04-22,#e377c2
2025-04-23,Spread B35/DAP35,0.07460000000000022,2025-04-23,#e377c2
2025-04-24,Spread B35/DAP35,0.0625,2025-04-24,#e377c2
2025-04-25,Spread B35/DAP35,0.05799999999999983,2025-04-25,#e377c2
2025-04-28,Spread B35/DAP35,0.08990000000000009,2025-04-28,#e377c2
2024-04-29,Spread B40/DAP40,0.09989999999999988,2024-04-29,#7f7f7f
2024-04-30,Spread B40/DAP40,0.07989999999999942,2024-04-30,#7f7f7f
2024-05-02,Spread B40/DAP40,0.11029999999999962,2024-05-02,#7f7f7f
2024-05-06,Spread B40/DAP40,0.08040000000000003,2024-05-06,#7f7f7f
2024-05-07,Spread B40/DAP40,0.09640000000000004,2024-05-07,#7f7f7f
2024-05-15,Spread B40/DAP40,0.06430000000000025,2024-05-15,#7f7f7f
2024-05-21,Spread B40/DAP40,0.0506000000000002,2024-05-21,#7f7f7f
2024-05-23,Spread B40/DAP40,0.06890000000000018,2024-05-23,#7f7f7f
2024-05-24,Spread B40/DAP40,0.04420000000000002,2024-05-24,#7f7f7f
2024-05-27,Spread B40/DAP40,0.02519999999999989,2024-05-27,#7f7f7f
2024-05-28,Spread B40/DAP40,0.02829999999999977,2024-05-28,#7f7f7f
2024-06-03,Spread B40/DAP40,0.028900000000000148,2024-06-03,#7f7f7f
2024-06-04,Spread B40/DAP40,0.009600000000000719,2024-06-04,#7f7f7f
2024-06-05,Spread B40/DAP40,-0.025500000000000078,2024-06-05,#7f7f7f
2024-06-06,Spread B40/DAP40,0.019400000000000084,2024-06-06,#7f7f7f
2024-06-10,Spread B40/DAP40,0.0026999999999999247,2024-06-10,#7f7f7f
2024-06-11,Spread B40/DAP40,-0.0015000000000000568,2024-06-11,#7f7f7f
2024-06-14,Spread B40/DAP40,-0.06990000000000052,2024-06-14,#7f7f7f
2024-06-27,Spread B40/DAP40,-0.02069999999999972,2024-06-27,#7f7f7f
2024-06-28,Spread B40/DAP40,-0.08389999999999986,2024-06-28,#7f7f7f
2024-07-08,Spread B40/DAP40,-0.011099999999999888,2024-07-08,#7f7f7f
2024-07-09,Spread B40/DAP40,-0.005899999999999572,2024-07-09,#7f7f7f
2024-07-12,Spread B40/DAP40,-0.007100000000000328,2024-07-12,#7f7f7f
2024-07-17,Spread B40/DAP40,-0.0030999999999998806,2024-07-17,#7f7f7f
2024-07-23,Spread B40/DAP40,-0.04269999999999996,2024-07-23,#7f7f7f
2024-07-24,Spread B40/DAP40,-0.017100000000000115,2024-07-24,#7f7f7f
2024-07-25,Spread B40/DAP40,-0.013000000000000789,2024-07-25,#7f7f7f
2024-07-26,Spread B40/DAP40,-9.999999999976694e-05,2024-07-26,#7f7f7f
2024-07-30,Spread B40/DAP40,-0.002100000000000435,2024-07-30,#7f7f7f
2024-08-02,Spread B40/DAP40,-0.004100000000000215,2024-08-02,#7f7f7f
2024-08-05,Spread B40/DAP40,-0.00509999999999966,2024-08-05,#7f7f7f
2024-08-07,Spread B40/DAP40,-0.015000000000000568,2024-08-07,#7f7f7f
2024-08-08,Spread B40/DAP40,0.05129999999999946,2024-08-08,#7f7f7f
2024-08-14,Spread B40/DAP40,0.001600000000000712,2024-08-14,#7f7f7f
2024-08-21,Spread B40/DAP40,0.05989999999999984,2024-08-21,#7f7f7f
2024-08-23,Spread B40/DAP40,0.06280000000000019,2024-08-23,#7f7f7f
2024-08-27,Spread B40/DAP40,-0.05250000000000021,2024-08-27,#7f7f7f
2024-08-28,Spread B40/DAP40,-0.06479999999999997,2024-08-28,#7f7f7f
2024-08-30,Spread B40/DAP40,-0.06740000000000013,2024-08-30,#7f7f7f
2024-09-02,Spread B40/DAP40,-0.0838000000000001,2024-09-02,#7f7f7f
2024-09-03,Spread B40/DAP40,-0.03160000000000007,2024-09-03,#7f7f7f
2024-09-04,Spread B40/DAP40,-0.030100000000000016,2024-09-04,#7f7f7f
2024-09-05,Spread B40/DAP40,0.06459999999999955,2024-09-05,#7f7f7f
2024-09-06,Spread B40/DAP40,0.00990000000000002,2024-09-06,#7f7f7f
2024-09-09,Spread B40/DAP40,-0.04949999999999921,2024-09-09,#7f7f7f
2024-09-10,Spread B40/DAP40,-0.052999999999999936,2024-09-10,#7f7f7f
2024-09-11,Spread B40/DAP40,-0.05779999999999941,2024-09-11,#7f7f7f
2024-09-17,Spread B40/DAP40,-0.01810000000000045,2024-09-17,#7f7f7f
2024-09-18,Spread B40/DAP40,-0.027099999999999902,2024-09-18,#7f7f7f
2024-09-23,Spread B40/DAP40,-0.0052000000000003155,2024-09-23,#7f7f7f
2024-09-24,Spread B40/DAP40,-0.03059999999999974,2024-09-24,#7f7f7f
2024-09-25,Spread B40/DAP40,-0.017900000000000027,2024-09-25,#7f7f7f
2024-09-26,Spread B40/DAP40,-0.02090000000000014,2024-09-26,#7f7f7f
2024-09-30,Spread B40/DAP40,-0.059499999999999886,2024-09-30,#7f7f7f
2024-10-01,Spread B40/DAP40,0.010500000000000398,2024-10-01,#7f7f7f
2024-10-02,Spread B40/DAP40,-0.030899999999999928,2024-10-02,#7f7f7f
2024-10-03,Spread B40/DAP40,-0.029799999999999827,2024-10-03,#7f7f7f
2024-10-04,Spread B40/DAP40,-0.019099999999999895,2024-10-04,#7f7f7f
2024-10-08,Spread B40/DAP40,-0.02230000000000043,2024-10-08,#7f7f7f
2024-10-09,Spread B40/DAP40,-0.022299999999999542,2024-10-09,#7f7f7f
2024-10-10,Spread B40/DAP40,0.049900000000000055,2024-10-10,#7f7f7f
2024-10-11,Spread B40/DAP40,0.009799999999999365,2024-10-11,#7f7f7f
2024-10-14,Spread B40/DAP40,0.0051000000000005485,2024-10-14,#7f7f7f
2024-10-15,Spread B40/DAP40,-0.07040000000000024,2024-10-15,#7f7f7f
2024-10-16,Spread B40/DAP40,-0.00709999999999944,2024-10-16,#7f7f7f
2024-10-17,Spread B40/DAP40,0.013399999999999856,2024-10-17,#7f7f7f
2024-10-18,Spread B40/DAP40,-0.08520000000000039,2024-10-18,#7f7f7f
2024-10-21,Spread B40/DAP40,-0.0052000000000003155,2024-10-21,#7f7f7f
2024-10-22,Spread B40/DAP40,-0.01949999999999985,2024-10-22,#7f7f7f
2024-10-23,Spread B40/DAP40,-0.0495000000000001,2024-10-23,#7f7f7f
2024-10-24,Spread B40/DAP40,-0.03950000000000031,2024-10-24,#7f7f7f
2024-10-25,Spread B40/DAP40,-0.10060000000000002,2024-10-25,#7f7f7f
2024-10-28,Spread B40/DAP40,-0.03189999999999937,2024-10-28,#7f7f7f
2024-10-29,Spread B40/DAP40,-0.012900000000000134,2024-10-29,#7f7f7f
2024-10-30,Spread B40/DAP40,-0.006000000000000227,2024-10-30,#7f7f7f
2024-10-31,Spread B40/DAP40,0.0026000000000001577,2024-10-31,#7f7f7f
2024-11-05,Spread B40/DAP40,-0.019000000000000128,2024-11-05,#7f7f7f
2024-11-08,Spread B40/DAP40,0.010399999999999743,2024-11-08,#7f7f7f
2024-11-11,Spread B40/DAP40,0.0029000000000003467,2024-11-11,#7f7f7f
2024-11-12,Spread B40/DAP40,-0.07269999999999932,2024-11-12,#7f7f7f
2024-11-14,Spread B40/DAP40,-0.010099999999999554,2024-11-14,#7f7f7f
2024-11-18,Spread B40/DAP40,-0.02009999999999934,2024-11-18,#7f7f7f
2024-11-21,Spread B40/DAP40,0.03469999999999995,2024-11-21,#7f7f7f
2024-11-22,Spread B40/DAP40,-0.04900000000000038,2024-11-22,#7f7f7f
2024-11-25,Spread B40/DAP40,-0.0007999999999999119,2024-11-25,#7f7f7f
2024-11-27,Spread B40/DAP40,-0.15050000000000008,2024-11-27,#7f7f7f
2024-12-03,Spread B40/DAP40,-0.058100000000000485,2024-12-03,#7f7f7f
2024-12-04,Spread B40/DAP40,-0.02009999999999934,2024-12-04,#7f7f7f
2024-12-05,Spread B40/DAP40,-0.09020000000000028,2024-12-05,#7f7f7f
2024-12-06,Spread B40/DAP40,-0.08009999999999984,2024-12-06,#7f7f7f
2024-12-09,Spread B40/DAP40,-0.044299999999999784,2024-12-09,#7f7f7f
2024-12-11,Spread B40/DAP40,0.0600000000000005,2024-12-11,#7f7f7f
2025-01-08,Spread B40/DAP40,0.014899999999999913,2025-01-08,#7f7f7f
2025-01-09,Spread B40/DAP40,-0.0118999999999998,2025-01-09,#7f7f7f
2025-01-13,Spread B40/DAP40,-0.07640000000000047,2025-01-13,#7f7f7f
2025-01-14,Spread B40/DAP40,-0.021100000000000563,2025-01-14,#7f7f7f
2025-01-15,Spread B40/DAP40,0.001000000000000334,2025-01-15,#7f7f7f
2025-01-17,Spread B40/DAP40,-0.0019999999999997797,2025-01-17,#7f7f7f
2025-01-20,Spread B40/DAP40,0.0,2025-01-20,#7f7f7f
2025-01-21,Spread B40/DAP40,-0.010099999999999554,2025-01-21,#7f7f7f
2025-01-22,Spread B40/DAP40,-0.03509999999999991,2025-01-22,#7f7f7f
2025-01-23,Spread B40/DAP40,-0.001100000000000101,2025-01-23,#7f7f7f
2025-01-24,Spread B40/DAP40,0.03709999999999969,2025-01-24,#7f7f7f
2025-01-27,Spread B40/DAP40,-0.001000000000000334,2025-01-27,#7f7f7f
2025-01-28,Spread B40/DAP40,-0.00010000000000065512,2025-01-28,#7f7f7f
2025-01-29,Spread B40/DAP40,0.010000000000000675,2025-01-29,#7f7f7f
2025-01-30,Spread B40/DAP40,0.03489999999999949,2025-01-30,#7f7f7f
2025-01-31,Spread B40/DAP40,-0.004999999999999893,2025-01-31,#7f7f7f
2025-02-03,Spread B40/DAP40,-0.049600000000000755,2025-02-03,#7f7f7f
2025-02-04,Spread B40/DAP40,-0.013000000000000789,2025-02-04,#7f7f7f
2025-02-05,Spread B40/DAP40,-9.999999999976694e-05,2025-02-05,#7f7f7f
2025-02-06,Spread B40/DAP40,-0.06040000000000045,2025-02-06,#7f7f7f
2025-02-07,Spread B40/DAP40,-0.01499999999999968,2025-02-07,#7f7f7f
2025-02-10,Spread B40/DAP40,-0.030100000000000016,2025-02-10,#7f7f7f
2025-02-11,Spread B40/DAP40,-0.0051000000000005485,2025-02-11,#7f7f7f
2025-02-12,Spread B40/DAP40,-0.0051000000000005485,2025-02-12,#7f7f7f
2025-02-13,Spread B40/DAP40,-9.999999999976694e-05,2025-02-13,#7f7f7f
2025-02-17,Spread B40/DAP40,0.044500000000000206,2025-02-17,#7f7f7f
2025-02-21,Spread B40/DAP40,-0.01949999999999985,2025-02-21,#7f7f7f
2025-02-24,Spread B40/DAP40,-0.059800000000000075,2025-02-24,#7f7f7f
2025-02-25,Spread B40/DAP40,-0.014199999999999768,2025-02-25,#7f7f7f
2025-02-26,Spread B40/DAP40,-0.039700000000000735,2025-02-26,#7f7f7f
2025-02-27,Spread B40/DAP40,-0.08999999999999986,2025-02-27,#7f7f7f
2025-02-28,Spread B40/DAP40,-9.999999999976694e-05,2025-02-28,#7f7f7f
2025-03-06,Spread B40/DAP40,0.015000000000000568,2025-03-06,#7f7f7f
2025-03-07,Spread B40/DAP40,0.02490000000000059,2025-03-07,#7f7f7f
2025-03-10,Spread B40/DAP40,0.010200000000000209,2025-03-10,#7f7f7f
2025-03-11,Spread B40/DAP40,0.027000000000000135,2025-03-11,#7f7f7f
2025-03-12,Spread B40/DAP40,0.036900000000000155,2025-03-12,#7f7f7f
2025-03-13,Spread B40/DAP40,0.019899999999999807,2025-03-13,#7f7f7f
2025-03-14,Spread B40/DAP40,-0.0026000000000001577,2025-03-14,#7f7f7f
2025-03-17,Spread B40/DAP40,0.019899999999999807,2025-03-17,#7f7f7f
2025-03-18,Spread B40/DAP40,0.024799999999999933,2025-03-18,#7f7f7f
2025-03-19,Spread B40/DAP40,0.019899999999999807,2025-03-19,#7f7f7f
2025-03-20,Spread B40/DAP40,0.025000000000000355,2025-03-20,#7f7f7f
2025-03-21,Spread B40/DAP40,-0.010099999999999554,2025-03-21,#7f7f7f
2025-03-24,Spread B40/DAP40,-0.008500000000000618,2025-03-24,#7f7f7f
2025-03-25,Spread B40/DAP40,0.029899999999999594,2025-03-25,#7f7f7f
2025-03-26,Spread B40/DAP40,0.0400999999999998,2025-03-26,#7f7f7f
2025-03-27,Spread B40/DAP40,0.0235000000000003,2025-03-27,#7f7f7f
2025-03-31,Spread B40/DAP40,0.05989999999999984,2025-03-31,#7f7f7f
2025-04-01,Spread B40/DAP40,0.07500000000000018,2025-04-01,#7f7f7f
2025-04-02,Spread B40/DAP40,0.059499999999999886,2025-04-02,#7f7f7f
2025-04-03,Spread B40/DAP40,0.05269999999999975,2025-04-03,#7f7f7f
2025-04-04,Spread B40/DAP40,0.0409000000000006,2025-04-04,#7f7f7f
2025-04-07,Spread B40/DAP40,0.04490000000000016,2025-04-07,#7f7f7f
2025-04-08,Spread B40/DAP40,0.02239999999999931,2025-04-08,#7f7f7f
2025-04-09,Spread B40/DAP40,0.049900000000000055,2025-04-09,#7f7f7f
2025-04-10,Spread B40/DAP40,0.05290000000000017,2025-04-10,#7f7f7f
2025-04-11,Spread B40/DAP40,0.051000000000000156,2025-04-11,#7f7f7f
2025-04-14,Spread B40/DAP40,0.09489999999999998,2025-04-14,#7f7f7f
2025-04-15,Spread B40/DAP40,0.01669999999999927,2025-04-15,#7f7f7f
2025-04-16,Spread B40/DAP40,0.0801999999999996,2025-04-16,#7f7f7f
2025-04-17,Spread B40/DAP40,0.0378999999999996,2025-04-17,#7f7f7f
2025-04-22,Spread B40/DAP40,0.06990000000000052,2025-04-22,#7f7f7f
2025-04-23,Spread B40/DAP40,0.0649999999999995,2025-04-23,#7f7f7f
2025-04-24,Spread B40/DAP40,0.05989999999999984,2025-04-24,#7f7f7f
2025-04-25,Spread B40/DAP40,0.015500000000000291,2025-04-25,#7f7f7f
2025-04-28,Spread B40/DAP40,0.0823999999999998,2025-04-28,#7f7f7f
