Dados do evento,Data de pagamento,Prazos (dias úteis),Dias entre pagamentos,Expectativa de juros (%),Juros projetados,Amortizações,Fluxo descontado (R$),Ativo
Juros,16/06/2025,32,123,-,"38,491039","0,00000000","38,027116",VAMO33
Juros,15/12/2025,160,128,-,"40,080352","0,00000000","37,722487",VAMO33
Juros,15/06/2026,282,122,-,"38,173409","0,00000000","34,304587",VAMO33
Juros,15/12/2026,409,127,-,"39,762333","0,00000000","34,053576",VAMO33
Juros,15/06/2027,532,123,-,"38,491039","0,00000000","31,463598",VAMO33
Juros,15/12/2027,659,127,-,"39,762333","0,00000000","30,975635",VAMO33
Juros,16/06/2028,785,126,-,"39,444394","0,00000000","29,295292",VAMO33
Juros,15/12/2028,910,125,-,"39,126531","0,00000000","27,714857",VAMO33
Juros|Amortização,15/06/2029,1033,123,-,"38,491039","419,903056","309,911863",VAMO33
Juros,17/12/2029,1159,126,-,"26,296275","0,00000000","16,949527",VAMO33
Juros|Amortização,17/06/2030,1283,124,-,"25,872509","419,903686","274,140726",VAMO33
Juros,16/12/2030,1410,127,-,"13,254117","0,00000000","7,767962",VAMO33
Juros|Amortização,16/06/2031,1532,122,-,"12,724476","419,903686","242,099305",VAMO33
Juros,15/10/2025,118,127,-,"32,924481","0,00000000","31,905389",VALEC0
Juros,15/04/2026,242,124,-,"32,13477","0,00000000","30,128054",VALEC0
Juros,15/10/2026,368,126,-,"32,661179","0,00000000","29,610593",VALEC0
Juros,15/04/2027,491,123,-,"31,871664","0,00000000","27,963176",VALEC0
Juros,15/10/2027,618,127,-,"32,924481","0,00000000","27,925716",VALEC0
Juros,17/04/2028,744,126,-,"32,661179","0,00000000","26,787772",VALEC0
Juros,16/10/2028,869,125,-,"32,397943","0,00000000","25,701427",VALEC0
Juros,16/04/2029,991,122,-,"31,608622","0,00000000","24,273231",VALEC0
Juros,15/10/2029,1117,126,-,"32,661179","0,00000000","24,253434",VALEC0
Juros,15/04/2030,1240,123,-,"31,871664","0,00000000","22,904068",VALEC0
Juros,15/10/2030,1368,128,-,"33,187847","0,00000000","23,05021",VALEC0
Juros,15/04/2031,1491,123,-,"31,871664","0,00000000","21,422347",VALEC0
Juros,15/10/2031,1619,128,-,"33,187847","0,00000000","21,559035",VALEC0
Juros,15/04/2032,1744,125,-,"32,397943","0,00000000","20,356482",VALEC0
Juros,15/10/2032,1871,127,-,"32,924481","0,00000000","19,998981",VALEC0
Juros,18/04/2033,1997,126,-,"32,661179","0,00000000","19,184043",VALEC0
Juros,17/10/2033,2123,126,-,"32,661179","0,00000000","18,550665",VALEC0
Juros,17/04/2034,2248,125,-,"32,397943","0,00000000","17,798366",VALEC0
Juros,16/10/2034,2373,125,-,"32,397943","0,00000000","17,215324",VALEC0
Juros,16/04/2035,2495,122,-,"31,608622","0,00000000","16,258691",VALEC0
Juros,15/10/2035,2621,126,-,"32,661179","0,00000000","16,24543",VALEC0
Juros,15/04/2036,2744,123,-,"31,871664","0,00000000","15,341598",VALEC0
Juros,15/10/2036,2872,128,-,"33,187847","0,00000000","15,439487",VALEC0
Juros,15/04/2037,2996,124,-,"32,13477","0,00000000","14,463712",VALEC0
Juros,15/10/2037,3122,126,-,"32,661179","0,00000000","14,215292",VALEC0
Juros,15/04/2038,3246,124,-,"32,13477","0,00000000","13,531623",VALEC0
Juros,15/10/2038,3372,126,-,"32,661179","0,00000000","13,299212",VALEC0
Juros,15/04/2039,3497,125,-,"32,397943","0,00000000","12,759879",VALEC0
Juros|Amortização,17/10/2039,3624,127,-,"32,924481","1.033,51125","406,038733",VALEC0
Juros,15/09/2025,96,126,-,"33,109178","0,00000000","32,253363",SUZBA0
Juros,16/03/2026,221,125,-,"32,842476","0,00000000","30,92099",SUZBA0
Juros,15/09/2026,347,126,-,"33,109178","0,00000000","30,118845",SUZBA0
Juros,15/03/2027,469,122,-,"32,042745","0,00000000","28,1946",SUZBA0
Juros,15/09/2027,597,128,-,"33,642778","0,00000000","28,586669",SUZBA0
Juros,15/03/2028,722,125,-,"32,842476","0,00000000","26,971089",SUZBA0
Juros,15/09/2028,849,127,-,"33,375946","0,00000000","26,475863",SUZBA0
Juros,15/03/2029,970,121,-,"31,776295","0,00000000","24,388472",SUZBA0
Juros,17/09/2029,1098,128,-,"33,642778","0,00000000","24,934959",SUZBA0
Juros,15/03/2030,1219,121,-,"31,776295","0,00000000","22,786879",SUZBA0
Juros,16/09/2030,1347,128,-,"33,642778","0,00000000","23,297478",SUZBA0
Juros,17/03/2031,1471,124,-,"32,575836","0,00000000","21,808309",SUZBA0
Juros,15/09/2031,1597,126,-,"33,109178","0,00000000","21,416439",SUZBA0
Juros,15/03/2032,1722,125,-,"32,842476","0,00000000","20,531734",SUZBA0
Juros,15/09/2032,1850,128,-,"33,642778","0,00000000","20,310334",SUZBA0
Juros,15/03/2033,1974,124,-,"32,575836","0,00000000","19,012103",SUZBA0
Juros,15/09/2033,2102,128,-,"33,642778","0,00000000","18,961029",SUZBA0
Juros,15/03/2034,2226,124,-,"32,575836","0,00000000","17,749045",SUZBA0
Juros,15/09/2034,2353,127,-,"33,375946","0,00000000","17,565761",SUZBA0
Juros,15/03/2035,2474,121,-,"31,776295","0,00000000","16,180853",SUZBA0
Juros,17/09/2035,2602,128,-,"33,642778","0,00000000","16,543427",SUZBA0
Juros,17/03/2036,2724,122,-,"32,042745","0,00000000","15,240867",SUZBA0
Juros|Amortização,15/09/2036,2850,126,-,"33,109178","362,086572","181,620409",SUZBA0
Juros,16/03/2037,2975,125,-,"21,894983","0,00000000","9,724961",SUZBA0
Juros|Amortização,15/09/2037,3101,126,-,"22,072786","362,086572","164,864487",SUZBA0
Juros,15/03/2038,3223,122,-,"10,680914","0,00000000","4,433742",SUZBA0
Juros|Amortização,15/09/2038,3351,128,-,"11,214259","362,086574","149,643014",SUZBA0
Juros,15/07/2025,52,123,-,"0,360521","0,00000000","0,354592",RISP12
Juros,15/01/2026,181,129,-,"0,378409","0,00000000","0,357187",RISP12
Juros,15/07/2026,304,123,-,"0,360521","0,00000000","0,327214",RISP12
Juros,15/01/2027,430,126,-,"0,369461","0,00000000","0,322123",RISP12
Juros|Amortização,15/07/2027,554,124,-,"0,363499","0,337056","0,587117",RISP12
Juros|Amortização,17/01/2028,682,128,-,"0,363806","0,337061","0,563888",RISP12
Juros|Amortização,17/07/2028,806,124,-,"0,340999","0,271014","0,473311",RISP12
Juros|Amortização,15/01/2029,929,123,-,"0,329233","0,271016","0,446359",RISP12
Juros|Amortização,16/07/2029,1054,125,-,"0,325555","0,678678","0,717592",RISP12
Juros|Amortização,15/01/2030,1178,124,-,"0,300256","0,678674","0,672393",RISP12
Juros|Amortização,15/07/2030,1302,124,-,"0,277603","0,835819","0,735123",RISP12
Juros|Amortização,15/01/2031,1430,128,-,"0,257899","0,835818","0,693234",RISP12
Juros|Amortização,15/07/2031,1553,123,-,"0,21999","1,05445","0,776715",RISP12
Juros|Amortização,15/01/2032,1682,129,-,"0,194269","1,054453","0,730372",RISP12
Juros|Amortização,15/07/2032,1807,125,-,"0,152661","1,134162","0,723248",RISP12
Juros|Amortização,17/01/2033,1935,128,-,"0,11729","1,134164","0,67524",RISP12
Juros|Amortização,15/07/2033,2059,124,-,"0,075709","1,134162","0,627496",RISP12
Juros|Amortização,16/01/2034,2186,127,-,"0,038786","1,134162","0,584203",RISP12
Juros,15/08/2025,75,123,-,"40,240805","0,00000000","39,363288",PEJA11
Juros,18/02/2026,203,128,-,"41,906494","0,00000000","39,478825",PEJA11
Juros,17/08/2026,327,124,-,"40,573754","0,00000000","36,855045",PEJA11
Juros,15/02/2027,449,122,-,"39,907951","0,00000000","34,973201",PEJA11
Juros|Amortização,16/08/2027,576,127,-,"41,573168","188,890411","194,564729",PEJA11
Juros,15/02/2028,703,127,-,"34,644292","0,00000000","28,176",PEJA11
Juros|Amortização,15/08/2028,827,124,-,"33,811448","188,889957","174,638294",PEJA11
Juros,15/02/2029,950,123,-,"26,827192","0,00000000","20,29029",PEJA11
Juros|Amortização,15/08/2029,1076,126,-,"27,493278","188,889957","157,706716",PEJA11
Juros,15/02/2030,1201,125,-,"20,45339","0,00000000","14,369215",PEJA11
Juros|Amortização,15/08/2030,1325,124,-,"20,286868","188,889768","141,69346",PEJA11
Juros,17/02/2031,1453,128,-,"13,968832","0,00000000","9,112864",PEJA11
Juros|Amortização,15/08/2031,1576,123,-,"13,413602","188,890051","127,29023",PEJA11
Juros,16/02/2032,1702,126,-,"6,873322","0,00000000","4,167461",PEJA11
Juros|Amortização,16/08/2032,1829,127,-,"6,928861","188,890052","114,378752",PEJA11
Juros,15/09/2025,96,126,-,"29,272631","0,00000000","28,450379",OMGE12
Juros,16/03/2026,221,125,-,"29,037837","0,00000000","27,194368",OMGE12
Juros,15/09/2026,347,126,-,"29,272631","0,00000000","26,408029",OMGE12
Juros,15/03/2027,469,122,-,"28,333693","0,00000000","24,65202",OMGE12
Juros,15/09/2027,597,128,-,"29,742339","0,00000000","24,913009",OMGE12
Juros,15/03/2028,722,125,-,"29,037837","0,00000000","23,437092",OMGE12
Juros|Amortização,15/09/2028,849,127,-,"29,507465","1.355,0781","1.076,192368",OMGE12
-,15/06/2026,282,282,-,"0,00000000","0,00000000","0,00000000",NMCH11
Juros|Amortização,15/12/2026,409,127,-,"37,059798","45,557601","73,285924",NMCH11
Juros|Amortização,15/06/2027,532,123,-,"34,439397","45,557965","68,449653",NMCH11
Juros|Amortização,15/12/2027,659,127,-,"34,095003","45,557312","65,664625",NMCH11
Juros|Amortização,16/06/2028,785,126,-,"32,351728","45,558053","61,899878",NMCH11
Juros|Amortização,15/12/2028,910,125,-,"30,632209","45,55753","58,356106",NMCH11
Juros|Amortização,15/06/2029,1033,123,-,"28,699483","45,557578","54,862313",NMCH11
Juros|Amortização,17/12/2029,1159,126,-,"27,940117","45,557943","52,333162",NMCH11
Juros|Amortização,17/06/2030,1283,124,-,"26,042818","45,557922","49,162944",NMCH11
Juros|Amortização,16/12/2030,1410,127,-,"25,200627","45,557901","46,809784",NMCH11
Juros|Amortização,16/06/2031,1532,122,-,"22,770005","45,557514","43,614139",NMCH11
Juros|Amortização,15/12/2031,1661,129,-,"22,591733","45,557742","41,886794",NMCH11
Juros|Amortização,15/06/2032,1785,124,-,"20,255498","45,557771","39,00743",NMCH11
Juros|Amortização,15/12/2032,1912,127,-,"19,271042","45,557431","37,020062",NMCH11
Juros|Amortização,15/06/2033,2038,126,-,"17,646351","45,557298","34,783898",NMCH11
Juros|Amortização,15/12/2033,2164,126,-,"16,175828","45,557451","32,74313",NMCH11
Juros|Amortização,15/06/2034,2288,124,-,"14,468214","45,557502","30,701349",NMCH11
Juros|Amortização,15/12/2034,2414,126,-,"13,23477","45,557456","28,980426",NMCH11
Juros|Amortização,15/06/2035,2537,123,-,"11,479775","45,557507","27,120033",NMCH11
Juros|Amortização,17/12/2035,2663,126,-,"10,293711","45,557462","25,593427",NMCH11
Juros|Amortização,16/06/2036,2785,122,-,"8,538752","45,557606","23,918722",NMCH11
Juros|Amortização,15/12/2036,2914,129,-,"7,530575","45,557497","22,602155",NMCH11
Juros|Amortização,15/06/2037,3036,122,-,"5,692499","45,557497","21,053317",NMCH11
Juros|Amortização,15/12/2037,3163,127,-,"4,447165","45,557452","19,791298",NMCH11
Juros|Amortização,15/06/2038,3287,124,-,"2,893644","45,557521","18,492161",NMCH11
Juros|Amortização,15/12/2038,3413,126,-,"1,47053","45,557521","17,298369",NMCH11
Juros,15/09/2025,96,126,-,"46,230526","0,00000000","44,28214",MOVI37
Juros,16/03/2026,221,125,-,"45,856879","0,00000000","41,529337",MOVI37
Juros,15/09/2026,347,126,-,"46,230526","0,00000000","39,567198",MOVI37
Juros,15/03/2027,469,122,-,"44,736598","0,00000000","36,24971",MOVI37
Juros,15/09/2027,597,128,-,"46,978146","0,00000000","35,94213",MOVI37
Juros,15/03/2028,722,125,-,"45,856879","0,00000000","33,171352",MOVI37
Juros,15/09/2028,849,127,-,"46,604282","0,00000000","31,845323",MOVI37
Juros,15/03/2029,970,121,-,"44,363387","0,00000000","28,712728",MOVI37
Juros|Amortização,17/09/2029,1098,128,-,"46,978146","411,150285","279,964759",MOVI37
Juros,15/03/2030,1219,121,-,"29,575605","0,00000000","17,11905",MOVI37
Juros|Amortização,16/09/2030,1347,128,-,"31,318779","411,150902","241,822062",MOVI37
Juros,17/03/2031,1471,124,-,"15,161121","0,00000000","7,837711",MOVI37
Juros|Amortização,15/09/2031,1597,126,-,"15,410183","411,150902","208,398755",MOVI37
Juros|Amortização,15/05/2025,10,120,-,"34,832005","29,301406","63,929482",MSGT13
Juros|Amortização,17/11/2025,141,131,-,"37,024082","49,03418","82,279219",MSGT13
Juros|Amortização,15/05/2026,262,121,-,"32,518416","41,261309","67,873229",MSGT13
Juros|Amortização,16/11/2026,389,127,-,"32,715442","41,261151","65,356653",MSGT13
Juros|Amortização,17/05/2027,512,123,-,"30,270667","52,622588","70,420959",MSGT13
Juros|Amortização,16/11/2027,638,126,-,"29,195615","58,004306","71,165769",MSGT13
Juros|Amortização,15/05/2028,762,124,-,"26,744084","67,931172","74,274628",MSGT13
Juros|Amortização,16/11/2028,890,128,-,"25,226523","70,801425","72,326481",MSGT13
Juros|Amortização,15/05/2029,1011,121,-,"21,466493","71,757681","67,560385",MSGT13
Juros|Amortização,16/11/2029,1139,128,-,"20,199769","101,656961","84,783",MSGT13
Juros|Amortização,15/05/2030,1260,121,-,"15,691653","102,254926","78,960247",MSGT13
Juros|Amortização,18/11/2030,1391,131,-,"13,320018","122,58643","87,265776",MSGT13
Juros|Amortização,15/05/2031,1511,120,-,"8,135353","122,586386","80,789313",MSGT13
Juros|Amortização,17/11/2031,1642,131,-,"4,468787","123,78226","76,023482",MSGT13
Juros,15/08/2025,75,123,-,"30,305996","0,00000000","29,685693",KLBNA5
Juros,18/02/2026,203,128,-,"31,55642","0,00000000","29,838582",KLBNA5
Juros,17/08/2026,327,124,-,"30,555964","0,00000000","27,921404",KLBNA5
Juros,15/02/2027,449,122,-,"30,056085","0,00000000","26,556082",KLBNA5
Juros,16/08/2027,576,127,-,"31,306219","0,00000000","26,708763",KLBNA5
Juros,15/02/2028,703,127,-,"31,306219","0,00000000","25,789644",KLBNA5
Juros,15/08/2028,827,124,-,"30,555964","0,00000000","24,325486",KLBNA5
Juros,15/02/2029,950,123,-,"30,305996","0,00000000","23,32194",KLBNA5
Juros,15/08/2029,1076,126,-,"31,056076","0,00000000","23,083094",KLBNA5
Juros,15/02/2030,1201,125,-,"30,80599","0,00000000","22,121454",KLBNA5
Juros,15/08/2030,1325,124,-,"30,555964","0,00000000","21,204367",KLBNA5
Juros,17/02/2031,1453,128,-,"31,55642","0,00000000","21,139215",KLBNA5
Juros,15/08/2031,1576,123,-,"30,305996","0,00000000","19,624575",KLBNA5
Juros,16/02/2032,1702,126,-,"31,056076","0,00000000","19,423595",KLBNA5
Juros,16/08/2032,1829,127,-,"31,306219","0,00000000","18,906242",KLBNA5
Juros,15/02/2033,1956,127,-,"31,306219","0,00000000","18,255628",KLBNA5
Juros,15/08/2033,2080,124,-,"30,555964","0,00000000","17,2192",KLBNA5
Juros,15/02/2034,2208,128,-,"31,55642","0,00000000","17,166293",KLBNA5
Juros,15/08/2034,2331,123,-,"30,305996","0,00000000","15,936316",KLBNA5
Juros,15/02/2035,2454,123,-,"30,305996","0,00000000","15,404886",KLBNA5
Juros,15/08/2035,2580,126,-,"31,056076","0,00000000","15,247121",KLBNA5
Juros,15/02/2036,2705,125,-,"30,80599","0,00000000","14,611927",KLBNA5
Juros,15/08/2036,2829,124,-,"30,555964","0,00000000","14,006162",KLBNA5
Juros,18/02/2037,2957,128,-,"31,55642","0,00000000","13,963127",KLBNA5
Juros|Amortização,17/08/2037,3081,124,-,"30,555964","347,315376","161,580796",KLBNA5
Juros,15/02/2038,3205,124,-,"20,370652","0,00000000","8,417856",KLBNA5
Juros|Amortização,16/08/2038,3330,125,-,"20,537337","347,315896","146,859572",KLBNA5
Juros,15/02/2039,3457,127,-,"10,435411","0,00000000","4,022803",KLBNA5
Juros|Amortização,15/08/2039,3581,124,-,"10,185326","347,315896","133,182633",KLBNA5
Juros|Amortização,15/07/2025,52,123,-,"36,307611","40,819994","75,755087",IGSN15
Juros|Amortização,15/01/2026,181,129,-,"36,849468","44,221924","76,159562",IGSN15
Juros|Amortização,15/07/2026,304,123,-,"33,813951","44,221603","70,259322",IGSN15
Juros|Amortização,15/01/2027,430,126,-,"33,322158","44,221369","66,843892",IGSN15
Juros|Amortização,15/07/2027,554,124,-,"31,478104","44,222199","62,519928",IGSN15
Juros|Amortização,17/01/2028,682,128,-,"31,158654","54,426361","67,62751",IGSN15
Juros|Amortização,17/07/2028,806,124,-,"28,5616","54,426693","62,827122",IGSN15
Juros|Amortização,15/01/2029,929,123,-,"26,731981","68,033526","68,759903",IGSN15
Juros|Amortização,16/07/2029,1054,125,-,"25,145218","68,033258","64,752311",IGSN15
Juros|Amortização,15/01/2030,1178,124,-,"22,929736","68,033175","60,563182",IGSN15
Juros|Amortização,15/07/2030,1302,124,-,"20,918363","68,033536","56,741946",IGSN15
Juros|Amortização,15/01/2031,1430,128,-,"19,526101","68,033429","53,438867",IGSN15
Juros|Amortização,15/07/2031,1553,123,-,"16,757363","68,033632","49,597316",IGSN15
Juros|Amortização,15/01/2032,1682,129,-,"15,493524","74,8369","50,535591",IGSN15
Juros|Amortização,15/07/2032,1807,125,-,"12,775387","74,836619","46,944166",IGSN15
Juros|Amortização,17/01/2033,1935,128,-,"10,801665","74,836546","43,902617",IGSN15
Juros|Amortização,15/07/2033,2059,124,-,"8,24666","74,836842","40,807716",IGSN15
Juros|Amortização,16/01/2034,2186,127,-,"6,182315","102,050075","50,879112",IGSN15
Juros|Amortização,17/07/2034,2310,124,-,"3,017068","102,050075","47,320994",IGSN15
Juros|Amortização,15/10/2025,118,127,-,"38,258747","31,286039","67,072033",HARG11
Juros|Amortização,15/04/2026,242,124,-,"36,331373","31,28632","62,77904",HARG11
Juros|Amortização,15/10/2026,368,126,-,"35,901112","31,285594","60,01345",HARG11
Juros|Amortização,15/04/2027,491,123,-,"34,031873","31,286327","56,183672",HARG11
Juros|Amortização,15/10/2027,618,127,-,"34,122666","31,286039","54,111447",HARG11
Juros|Amortização,17/04/2028,744,126,-,"32,823881","31,286071","51,025818",HARG11
Juros|Amortização,16/10/2028,869,125,-,"31,541708","31,286008","48,123806",HARG11
Juros|Amortização,16/04/2029,991,122,-,"29,780156","31,285759","45,05588",HARG11
Juros|Amortização,15/10/2029,1117,126,-,"29,746654","31,286302","43,32394",HARG11
Juros|Amortização,15/04/2030,1240,123,-,"28,026246","31,285825","40,543132",HARG11
Juros|Amortização,15/10/2030,1368,128,-,"28,142012","31,286053","39,058021",HARG11
Juros|Amortização,15/04/2031,1491,123,-,"26,024381","31,286462","36,271549",HARG11
Juros|Amortização,15/10/2031,1619,128,-,"26,057406","31,286071","34,894563",HARG11
Juros|Amortização,15/04/2032,1744,125,-,"24,419388","31,286321","32,622529",HARG11
Juros|Amortização,15/10/2032,1871,127,-,"23,782457","31,285873","31,016837",HARG11
Juros|Amortização,18/04/2033,1997,126,-,"22,566417","62,572076","46,135209",HARG11
Juros|Amortização,17/10/2033,2123,126,-,"20,514927","62,572145","43,316256",HARG11
Juros|Amortização,17/04/2034,2248,125,-,"18,314542","62,572082","40,582457",HARG11
Juros|Amortização,16/10/2034,2373,125,-,"16,279594","62,572152","38,073002",HARG11
Juros|Amortização,16/04/2035,2495,122,-,"13,897407","93,858355","50,117595",HARG11
Juros|Amortização,15/10/2035,2621,126,-,"11,283206","93,858102","47,047226",HARG11
Juros|Amortização,15/04/2036,2744,123,-,"8,007499","125,14431","57,374431",HARG11
Juros|Amortização,15/10/2036,2872,128,-,"4,169184","125,14431","53,574682",HARG11
Juros,15/10/2025,118,127,-,"35,932084","0,00000000","34,63399",HBSA11
Juros,15/04/2026,242,124,-,"35,071064","0,00000000","32,521956",HBSA11
Juros,15/10/2026,368,126,-,"35,645011","0,00000000","31,780682",HBSA11
Juros,15/04/2027,491,123,-,"34,78419","0,00000000","29,846223",HBSA11
Juros,15/10/2027,618,127,-,"35,932084","0,00000000","29,634064",HBSA11
Juros,17/04/2028,744,126,-,"35,645011","0,00000000","28,264695",HBSA11
Juros|Amortização,16/10/2028,869,125,-,"35,358005","1.205,15582","946,061446",HBSA11
Juros,15/07/2025,52,123,-,"38,667181","0,00000000","37,963383",SUMI17
Juros,15/01/2026,181,129,-,"40,589657","0,00000000","38,075637",SUMI17
Juros,15/07/2026,304,123,-,"38,667181","0,00000000","34,729954",SUMI17
Juros,15/01/2027,430,126,-,"39,627993","0,00000000","34,04344",SUMI17
Juros,15/07/2027,554,124,-,"38,987357","0,00000000","32,057647",SUMI17
Juros,17/01/2028,682,128,-,"40,269006","0,00000000","31,647658",SUMI17
Juros,17/07/2028,806,124,-,"38,987357","0,00000000","29,327224",SUMI17
Juros,15/01/2029,929,123,-,"38,667181","0,00000000","27,849639",SUMI17
Juros,16/07/2029,1054,125,-,"39,307627","0,00000000","27,088001",SUMI17
Juros,15/01/2030,1178,124,-,"38,987357","0,00000000","25,715822",SUMI17
Juros|Amortização,15/07/2030,1302,124,-,"38,987357","521,117095","353,60804",SUMI17
Juros,15/01/2031,1430,128,-,"20,134503","0,00000000","12,149456",SUMI17
Juros|Amortização,15/07/2031,1553,123,-,"19,33359","521,117095","312,24961",SUMI17
Juros,15/10/2025,118,127,-,"38,390601","0,00000000","37,038227",FBRI13
Juros,15/04/2026,242,124,-,"37,467798","0,00000000","34,811023",FBRI13
Juros,15/10/2026,368,126,-,"38,082914","0,00000000","34,053218",FBRI13
Juros,15/04/2027,491,123,-,"37,160371","0,00000000","32,009092",FBRI13
Juros,15/10/2027,618,127,-,"38,390601","0,00000000","31,816735",FBRI13
Juros,17/04/2028,744,126,-,"38,082914","0,00000000","30,375976",FBRI13
Juros,16/10/2028,869,125,-,"37,775312","0,00000000","29,007445",FBRI13
Juros,16/04/2029,991,122,-,"36,853032","0,00000000","27,269173",FBRI13
Juros,15/10/2029,1117,126,-,"38,082914","0,00000000","27,120537",FBRI13
Juros|Amortização,15/04/2030,1240,123,-,"37,160371","210,68773","170,027451",FBRI13
Juros,15/10/2030,1368,128,-,"30,958699","0,00000000","20,427797",FBRI13
Juros|Amortização,15/04/2031,1491,123,-,"29,728297","210,68773","152,815563",FBRI13
Juros,15/10/2031,1619,128,-,"23,219024","0,00000000","14,195592",FBRI13
Juros|Amortização,15/04/2032,1744,125,-,"22,665187","210,687519","137,348448",FBRI13
Juros,15/10/2032,1871,127,-,"15,356248","0,00000000","8,696277",FBRI13
Juros|Amortização,18/04/2033,1997,126,-,"15,233172","210,687835","123,132947",FBRI13
Juros,17/10/2033,2123,126,-,"7,616585","0,00000000","3,99528",FBRI13
Juros|Amortização,17/04/2034,2248,125,-,"7,555066","210,687835","110,211904",FBRI13
Juros,15/05/2025,10,120,-,"31,867405","0,00000000","31,772769",CGOS16
Juros,17/11/2025,141,131,-,"34,836608","0,00000000","33,405954",CGOS16
Juros,15/05/2026,262,121,-,"32,136998","0,00000000","29,727926",CGOS16
Juros,16/11/2026,389,127,-,"33,755956","0,00000000","30,068103",CGOS16
Juros,17/05/2027,512,123,-,"32,676381","0,00000000","28,06096",CGOS16
Juros,16/11/2027,638,126,-,"33,485961","0,00000000","27,698536",CGOS16
Juros,15/05/2028,762,124,-,"32,946173","0,00000000","26,265327",CGOS16
Juros,16/11/2028,890,128,-,"34,026017","0,00000000","26,11296",CGOS16
Juros,15/05/2029,1011,121,-,"32,136998","0,00000000","23,791486",CGOS16
Juros,16/11/2029,1139,128,-,"34,026017","0,00000000","24,249039",CGOS16
Juros,15/05/2030,1260,121,-,"32,136998","0,00000000","22,09327",CGOS16
Juros,18/11/2030,1391,131,-,"34,836608","0,00000000","23,034045",CGOS16
Juros,15/05/2031,1511,120,-,"31,867405","0,00000000","20,332066",CGOS16
Juros,17/11/2031,1642,131,-,"34,836608","0,00000000","21,377175",CGOS16
Juros,17/05/2032,1765,123,-,"32,676381","0,00000000","19,331314",CGOS16
Juros,16/11/2032,1891,126,-,"33,485961","0,00000000","19,081638",CGOS16
Juros|Amortização,16/05/2033,2016,125,-,"33,216034","262,121042","162,153191",CGOS16
Juros,16/11/2033,2143,127,-,"25,316967","0,00000000","13,384911",CGOS16
Juros|Amortização,15/05/2034,2266,123,-,"24,507285","262,12078","146,095052",CGOS16
Juros,16/11/2034,2394,128,-,"17,013016","0,00000000","8,347669",CGOS16
Juros|Amortização,15/05/2035,2515,121,-,"16,068506","262,121173","131,672851",CGOS16
Juros,16/11/2035,2643,128,-,"8,506508","0,00000000","3,87591",CGOS16
Juros|Amortização,15/05/2036,2764,121,-,"8,034253","262,121173","118,742818",CGOS16
Juros,15/10/2025,118,127,-,"35,846551","0,00000000","34,611084",CGOS34
Juros,15/04/2026,242,124,-,"34,986243","0,00000000","32,558055",CGOS34
Juros,15/10/2026,368,126,-,"35,55971","0,00000000","31,875315",CGOS34
Juros,15/04/2027,491,123,-,"34,699623","0,00000000","29,987719",CGOS34
Juros,15/10/2027,618,127,-,"35,846551","0,00000000","29,831295",CGOS34
Juros,17/04/2028,744,126,-,"35,55971","0,00000000","28,504806",CGOS34
Juros,16/10/2028,869,125,-,"35,272939","0,00000000","27,243679",CGOS34
Juros,16/04/2029,991,122,-,"34,413074","0,00000000","25,632977",CGOS34
Juros,15/10/2029,1117,126,-,"35,55971","0,00000000","25,513435",CGOS34
Juros,15/04/2030,1240,123,-,"34,699623","0,00000000","24,002578",CGOS34
Juros,15/10/2030,1368,128,-,"36,133468","0,00000000","24,061336",CGOS34
Juros,15/04/2031,1491,123,-,"34,699623","0,00000000","22,277028",CGOS34
Juros,15/10/2031,1619,128,-,"36,133468","0,00000000","22,331563",CGOS34
Juros,15/04/2032,1744,125,-,"35,272939","0,00000000","21,004645",CGOS34
Juros|Amortização,15/10/2032,1871,127,-,"35,846551","270,582457","175,715322",CGOS34
Juros,18/04/2033,1997,126,-,"26,669782","0,00000000","14,731072",CGOS34
Juros|Amortização,17/10/2033,2123,126,-,"26,669782","270,582186","158,152032",CGOS34
Juros,17/04/2034,2248,125,-,"17,636479","0,00000000","9,041201",CGOS34
Juros|Amortização,16/10/2034,2373,125,-,"17,636479","270,582592","142,364336",CGOS34
Juros,16/04/2035,2495,122,-,"8,603272","0,00000000","4,098204",CGOS34
Juros|Amortização,15/10/2035,2621,126,-,"8,889931","270,582592","128,234309",CGOS34
Juros,16/06/2025,32,32,-,"67,15847","0,00000000","66,540161",EGIEB2
Juros,15/06/2026,282,250,-,"70,351116","0,00000000","64,84428",EGIEB2
Juros,15/06/2027,532,250,-,"70,351116","0,00000000","60,323884",EGIEB2
Juros,16/06/2028,785,253,-,"71,223425","0,00000000","56,765204",EGIEB2
Juros,15/06/2029,1033,248,-,"69,769955","0,00000000","51,760263",EGIEB2
Juros,17/06/2030,1283,250,-,"70,351116","0,00000000","48,553065",EGIEB2
Juros,16/06/2031,1532,249,-,"70,060497","0,00000000","44,99477",EGIEB2
Juros|Amortização,15/06/2032,1785,253,-,"71,223425","348,909386","250,793607",EGIEB2
Juros|Amortização,15/06/2033,2038,253,-,"47,482283","348,909386","219,935543",EGIEB2
Juros|Amortização,15/06/2034,2288,250,-,"23,450372","348,909387","192,199065",EGIEB2
Juros,15/09/2025,96,126,-,"39,920737","0,00000000","38,833881",CESE32
Juros,16/03/2026,221,125,-,"39,598194","0,00000000","37,160245",CESE32
Juros,15/09/2026,347,126,-,"39,920737","0,00000000","36,129988",CESE32
Juros,15/03/2027,469,122,-,"38,631119","0,00000000","33,757643",CESE32
Juros,15/09/2027,597,128,-,"40,566102","0,00000000","34,167598",CESE32
Juros,15/03/2028,722,125,-,"39,598194","0,00000000","32,174921",CESE32
Juros,15/09/2028,849,127,-,"40,243374","0,00000000","31,526641",CESE32
Juros,15/03/2029,970,121,-,"38,308945","0,00000000","28,985043",CESE32
Juros|Amortização,17/09/2029,1098,128,-,"40,566102","542,49547","425,211021",CESE32
Juros,15/03/2030,1219,121,-,"19,154472","0,00000000","13,491204",CESE32
Juros|Amortização,16/09/2030,1347,128,-,"20,283051","542,49547","382,062468",CESE32
Juros,15/07/2025,52,123,-,"35,282897","0,00000000","34,750455",ENEV18
Juros,15/01/2026,181,129,-,"37,032018","0,00000000","35,122974",ENEV18
Juros,15/07/2026,304,123,-,"35,282897","0,00000000","32,281801",ENEV18
Juros,15/01/2027,430,126,-,"36,157128","0,00000000","31,884974",ENEV18
Juros,15/07/2027,554,124,-,"35,574234","0,00000000","30,253827",ENEV18
Juros,17/01/2028,682,128,-,"36,740314","0,00000000","30,097628",ENEV18
Juros,17/07/2028,806,124,-,"35,574234","0,00000000","28,104612",ENEV18
Juros,15/01/2029,929,123,-,"35,282897","0,00000000","26,889695",ENEV18
Juros,16/07/2029,1054,125,-,"35,865645","0,00000000","26,352748",ENEV18
Juros,15/01/2030,1178,124,-,"35,574234","0,00000000","25,207829",ENEV18
Juros|Amortização,15/07/2030,1302,124,-,"35,574234","375,329438","280,797051",ENEV18
Juros,15/01/2031,1430,128,-,"24,493555","0,00000000","16,123116",ENEV18
Juros|Amortização,15/07/2031,1553,123,-,"23,521943","375,33","253,272763",ENEV18
Juros,15/01/2032,1682,129,-,"12,344011","0,00000000","7,548327",ENEV18
Juros|Amortização,15/07/2032,1807,125,-,"11,955219","375,33","228,323688",ENEV18
Juros,15/10/2025,118,127,-,"36,689391","0,00000000","35,461055",ENGIA5
Juros,15/04/2026,242,124,-,"35,810054","0,00000000","33,394528",ENGIA5
Juros,15/10/2026,368,126,-,"36,396211","0,00000000","32,729173",ENGIA5
Juros,15/04/2027,491,123,-,"35,517078","0,00000000","30,824823",ENGIA5
Juros,15/10/2027,618,127,-,"36,689391","0,00000000","30,696373",ENGIA5
Juros,17/04/2028,744,126,-,"36,396211","0,00000000","29,363732",ENGIA5
Juros,16/10/2028,869,125,-,"36,103098","0,00000000","28,095282",ENGIA5
Juros,16/04/2029,991,122,-,"35,224172","0,00000000","26,46303",ENGIA5
Juros|Amortização,15/10/2029,1117,126,-,"36,396211","404,585248","319,468195",ENGIA5
Juros,15/04/2030,1240,123,-,"23,678064","0,00000000","16,555335",ENGIA5
Juros|Amortização,15/10/2030,1368,128,-,"24,655107","404,585855","289,234991",ENGIA5
Juros,15/04/2031,1491,123,-,"11,839031","0,00000000","7,699284",ENGIA5
Juros|Amortização,15/10/2031,1619,128,-,"12,327552","404,585855","261,299096",ENGIA5
Juros,15/09/2025,96,126,-,"34,396928","0,00000000","33,441285",ENGIB9
Juros,16/03/2026,221,125,-,"34,119681","0,00000000","31,976804",ENGIB9
Juros,15/09/2026,347,126,-,"34,396928","0,00000000","31,066268",ENGIB9
Juros,15/03/2027,469,122,-,"33,288353","0,00000000","29,007542",ENGIB9
Juros,15/09/2027,597,128,-,"34,951627","0,00000000","29,333941",ENGIB9
Juros,15/03/2028,722,125,-,"34,119681","0,00000000","27,604176",ENGIB9
Juros,15/09/2028,849,127,-,"34,674243","0,00000000","27,02643",ENGIB9
Juros,15/03/2029,970,121,-,"33,011381","0,00000000","24,832591",ENGIB9
Juros,17/09/2029,1098,128,-,"34,951627","0,00000000","25,322708",ENGIB9
Juros,15/03/2030,1219,121,-,"33,011381","0,00000000","23,082514",ENGIB9
Juros,16/09/2030,1347,128,-,"34,951627","0,00000000","23,53809",ENGIB9
Juros,17/03/2031,1471,124,-,"33,842502","0,00000000","21,976602",ENGIB9
Juros|Amortização,15/09/2031,1597,126,-,"34,396928","361,023405","247,455105",ENGIB9
Juros,15/03/2032,1722,125,-,"22,746465","0,00000000","13,722022",ENGIB9
Juros|Amortização,15/09/2032,1850,128,-,"23,301096","361,023947","223,299271",ENGIB9
Juros,15/03/2033,1974,124,-,"11,280839","0,00000000","6,320104",ENGIB9
Juros|Amortização,15/09/2033,2102,128,-,"11,650548","361,023947","201,093002",ENGIB9
Juros,16/06/2025,32,123,-,"40,372126","0,00000000","39,922497",ENAT14
Juros,15/12/2025,160,128,-,"42,045782","0,00000000","39,756014",ENAT14
Juros,15/06/2026,282,122,-,"40,037703","0,00000000","36,274869",ENAT14
Juros,15/12/2026,409,127,-,"41,710845","0,00000000","36,147812",ENAT14
Juros,15/06/2027,532,123,-,"40,372126","0,00000000","33,513436",ENAT14
Juros,15/12/2027,659,127,-,"41,710845","0,00000000","33,119414",ENAT14
Juros,16/06/2028,785,126,-,"41,376011","0,00000000","31,43624",ENAT14
Juros,15/12/2028,910,125,-,"41,04128","0,00000000","29,847172",ENAT14
Juros,15/06/2029,1033,123,-,"40,372126","0,00000000","28,123425",ENAT14
Juros,17/12/2029,1159,126,-,"41,376011","0,00000000","27,579319",ENAT14
Juros|Amortização,17/06/2030,1283,124,-,"40,706652","1.047,49716","694,54034",ENAT14
Juros,15/07/2025,52,123,-,"35,802096","0,00000000","35,27624",EKTRC1
Juros,15/01/2026,181,129,-,"37,577369","0,00000000","35,690973",EKTRC1
Juros,15/07/2026,304,123,-,"35,802096","0,00000000","32,835236",EKTRC1
Juros,15/01/2027,430,126,-,"36,689394","0,00000000","32,463934",EKTRC1
Juros,15/07/2027,554,124,-,"36,097786","0,00000000","30,833105",EKTRC1
Juros,17/01/2028,682,128,-,"37,281303","0,00000000","30,705031",EKTRC1
Juros|Amortização,17/07/2028,806,124,-,"36,097786","562,99472","476,308617",EKTRC1
Juros,15/01/2029,929,123,-,"17,901047","0,00000000","13,742718",EKTRC1
Juros|Amortização,16/07/2029,1054,125,-,"18,196775","562,99472","430,592015",EKTRC1
Juros,15/10/2025,118,127,-,"36,61563","0,00000000","35,310608",ERDVC3
Juros,15/04/2026,242,124,-,"35,736563","0,00000000","33,173305",ERDVC3
Juros,15/10/2026,368,126,-,"36,32253","0,00000000","32,435618",ERDVC3
Juros,15/04/2027,491,123,-,"35,443693","0,00000000","30,475855",ERDVC3
Juros,15/10/2027,618,127,-,"36,61563","0,00000000","30,277499",ERDVC3
Juros,17/04/2028,744,126,-,"36,32253","0,00000000","28,893471",ERDVC3
Juros,16/10/2028,869,125,-,"36,029508","0,00000000","27,579453",ERDVC3
Juros,16/04/2029,991,122,-,"35,150902","0,00000000","25,916014",ERDVC3
Juros,15/10/2029,1117,126,-,"36,32253","0,00000000","25,761904",ERDVC3
Juros,15/04/2030,1240,123,-,"35,443693","0,00000000","24,205367",ERDVC3
Juros,15/10/2030,1368,128,-,"36,908804","0,00000000","24,232916",ERDVC3
Juros,15/04/2031,1491,123,-,"35,443693","0,00000000","22,407092",ERDVC3
Juros|Amortização,15/10/2031,1619,128,-,"36,908804","360,570419","241,581664",ERDVC3
Juros,15/04/2032,1744,125,-,"24,019684","0,00000000","14,048195",ERDVC3
Juros|Amortização,15/10/2032,1871,127,-,"24,410432","360,57096","216,535714",ERDVC3
Juros,18/04/2033,1997,126,-,"12,107515","0,00000000","6,55111",ERDVC3
Juros|Amortização,17/10/2033,2123,126,-,"12,107515","360,57096","193,983312",ERDVC3
Juros,16/06/2025,32,123,-,"37,285911","0,00000000","36,913457",DESK17
Juros,15/12/2025,160,128,-,"38,8294","0,00000000","36,928404",DESK17
Juros,15/06/2026,282,122,-,"36,977477","0,00000000","33,846559",DESK17
Juros,15/12/2026,409,127,-,"38,520526","0,00000000","33,881732",DESK17
Juros,15/06/2027,532,123,-,"37,285911","0,00000000","31,554354",DESK17
Juros,15/12/2027,659,127,-,"38,520526","0,00000000","31,325851",DESK17
Juros,16/06/2028,785,126,-,"38,211741","0,00000000","29,870321",DESK17
Juros,15/12/2028,910,125,-,"37,903043","0,00000000","28,489563",DESK17
Juros|Amortização,15/06/2029,1033,123,-,"37,285911","348,616318","279,080916",DESK17
Juros,17/12/2029,1159,126,-,"25,474506","0,00000000","17,708876",DESK17
Juros|Amortização,17/06/2030,1283,124,-,"25,062967","348,61684","249,855989",DESK17
Juros,16/12/2030,1410,127,-,"12,840181","0,00000000","8,250065",DESK17
Juros|Amortização,16/06/2031,1532,122,-,"12,325831","348,61684","223,20396",DESK17
Juros,15/05/2025,10,120,-,"32,756508","0,00000000","32,662632",CPLD37
Juros,17/11/2025,141,131,-,"35,806202","0,00000000","34,386169",CPLD37
Juros,15/05/2026,262,121,-,"33,033424","0,00000000","30,640616",CPLD37
Juros,16/11/2026,389,127,-,"34,6963","0,00000000","31,03113",CPLD37
Juros,17/05/2027,512,123,-,"33,587451","0,00000000","28,9975",CPLD37
Juros,16/11/2027,638,126,-,"34,418989","0,00000000","28,660039",CPLD37
Juros,15/05/2028,762,124,-,"33,864565","0,00000000","27,212511",CPLD37
Juros,16/11/2028,890,128,-,"34,973677","0,00000000","27,09008",CPLD37
Juros,15/05/2029,1011,121,-,"33,033424","0,00000000","24,713881",CPLD37
Juros,16/11/2029,1139,128,-,"34,973677","0,00000000","25,22171",CPLD37
Juros|Amortização,15/05/2030,1260,121,-,"33,033424","377,316244","285,828615",CPLD37
Juros,18/11/2030,1391,131,-,"23,871995","0,00000000","16,014459",CPLD37
Juros|Amortização,15/05/2031,1511,120,-,"21,838764","377,372847","258,743678",CPLD37
Juros,17/11/2031,1642,131,-,"11,935996","0,00000000","7,450702",CPLD37
Juros|Amortização,17/05/2032,1765,123,-,"11,196376","377,372847","234,14022",CPLD37
Juros|Amortização,15/07/2025,52,123,-,"36,55219","1,912537","37,858279",CBAN12
Juros|Amortização,15/01/2026,181,129,-,"38,30922","3,824796","39,866614",CBAN12
Juros|Amortização,15/07/2026,304,123,-,"36,413921","3,825716","36,669517",CBAN12
Juros|Amortização,15/01/2027,430,126,-,"37,218467","3,825072","35,989217",CBAN12
Juros|Amortização,15/07/2027,554,124,-,"36,527635","3,825887","34,068339",CBAN12
Juros|Amortização,17/01/2028,682,128,-,"37,624609","91,803552","105,077397",CBAN12
Juros|Amortização,17/07/2028,806,124,-,"34,203996","91,803783","98,496272",CBAN12
Juros|Amortização,15/01/2029,929,123,-,"31,712382","99,454217","98,746188",CBAN12
Juros|Amortização,16/07/2029,1054,125,-,"29,797996","99,454772","93,658267",CBAN12
Juros|Amortização,15/01/2030,1178,124,-,"27,14015","103,28024","90,990002",CBAN12
Juros|Amortização,15/07/2030,1302,124,-,"24,630608","103,280147","85,920571",CBAN12
Juros|Amortização,15/01/2031,1430,128,-,"22,843532","103,279569","81,46963",CBAN12
Juros|Amortização,15/07/2031,1553,123,-,"19,451497","103,279888","76,353927",CBAN12
Juros|Amortização,15/01/2032,1682,129,-,"17,800259","103,279875","72,41473",CBAN12
Juros|Amortização,15/07/2032,1807,125,-,"14,711592","103,28027","67,922751",CBAN12
Juros|Amortização,17/01/2033,1935,128,-,"12,477561","107,105297","66,197738",CBAN12
Juros|Amortização,15/07/2033,2059,124,-,"9,480455","107,10513","62,138532",CBAN12
Juros|Amortização,16/01/2034,2186,127,-,"7,046432","141,531641","76,175373",CBAN12
Juros|Amortização,17/07/2034,2310,124,-,"3,438987","141,531642","71,56189",CBAN12
Juros|Amortização,15/07/2025,52,123,-,"38,147047","1,920164","39,438038",CBAN72
Juros|Amortização,15/01/2026,181,129,-,"39,981652","3,840048","41,472772",CBAN72
Juros|Amortização,15/07/2026,304,123,-,"38,002745","3,840971","38,145638",CBAN72
Juros|Amortização,15/01/2027,430,126,-,"38,842838","3,840324","37,446863",CBAN72
Juros|Amortização,15/07/2027,554,124,-,"38,121565","3,841143","35,451202",CBAN72
Juros|Amortização,17/01/2028,682,128,-,"39,267006","92,16962","106,798147",CBAN72
Juros|Amortização,17/07/2028,806,124,-,"35,69653","92,169853","100,048896",CBAN72
Juros|Amortização,15/01/2029,929,123,-,"33,096066","99,850791","100,20163",CBAN72
Juros|Amortização,16/07/2029,1054,125,-,"31,098388","99,851349","95,011846",CBAN72
Juros|Amortização,15/01/2030,1178,124,-,"28,324445","103,692071","92,238025",CBAN72
Juros|Amortização,15/07/2030,1302,124,-,"25,705397","103,691977","87,059425",CBAN72
Juros|Amortização,15/01/2031,1430,128,-,"23,840703","103,691397","82,52579",CBAN72
Juros|Amortização,15/07/2031,1553,123,-,"20,30021","103,691718","77,286632",CBAN72
Juros|Amortização,15/01/2032,1682,129,-,"18,577349","103,691705","73,278266",CBAN72
Juros|Amortização,15/07/2032,1807,125,-,"15,353608","103,692101","68,682926",CBAN72
Juros|Amortização,17/01/2033,1935,128,-,"13,022234","107,53238","66,895781",CBAN72
Juros|Amortização,15/07/2033,2059,124,-,"9,894147","107,532213","62,746441",CBAN72
Juros|Amortização,16/01/2034,2186,127,-,"7,353996","142,095999","76,830107",CBAN72
Juros|Amortização,17/07/2034,2310,124,-,"3,589051","142,095999","72,120566",CBAN72
Juros|Amortização,15/07/2025,52,123,-,"38,147047","1,920164","39,436267",CBAN52
Juros|Amortização,15/01/2026,181,129,-,"39,981652","3,840048","41,46629",CBAN52
Juros|Amortização,15/07/2026,304,123,-,"38,002745","3,840971","38,135625",CBAN52
Juros|Amortização,15/01/2027,430,126,-,"38,842838","3,840324","37,43296",CBAN52
Juros|Amortização,15/07/2027,554,124,-,"38,121565","3,841143","35,434246",CBAN52
Juros|Amortização,17/01/2028,682,128,-,"39,267006","92,16962","106,735265",CBAN52
Juros|Amortização,17/07/2028,806,124,-,"35,69653","92,169853","99,97928",CBAN52
Juros|Amortização,15/01/2029,929,123,-,"33,096066","99,850791","100,121273",CBAN52
Juros|Amortização,16/07/2029,1054,125,-,"31,098388","99,851349","94,925403",CBAN52
Juros|Amortização,15/01/2030,1178,124,-,"28,324445","103,692071","92,144238",CBAN52
Juros|Amortização,15/07/2030,1302,124,-,"25,705397","103,691977","86,961591",CBAN52
Juros|Amortização,15/01/2031,1430,128,-,"23,840703","103,691397","82,423939",CBAN52
Juros|Amortização,15/07/2031,1553,123,-,"20,30021","103,691718","77,183048",CBAN52
Juros|Amortização,15/01/2032,1682,129,-,"18,577349","103,691705","73,171902",CBAN52
Juros|Amortização,15/07/2032,1807,125,-,"15,353608","103,692101","68,57583",CBAN52
Juros|Amortização,17/01/2033,1935,128,-,"13,022234","107,53238","66,784089",CBAN52
Juros|Amortização,15/07/2033,2059,124,-,"9,894147","107,532213","62,634968",CBAN52
Juros|Amortização,16/01/2034,2186,127,-,"7,353996","142,095999","76,685203",CBAN52
Juros|Amortização,17/07/2034,2310,124,-,"3,589051","142,095999","71,976836",CBAN52
Juros,16/06/2025,32,123,-,"34,029272","0,00000000","33,722404",CHSF13
Juros,15/12/2025,160,128,-,"35,435713","0,00000000","33,866518",CHSF13
Juros,15/06/2026,282,122,-,"33,748203","0,00000000","31,158832",CHSF13
Juros,15/12/2026,409,127,-,"35,154278","0,00000000","31,310871",CHSF13
Juros,15/06/2027,532,123,-,"34,029272","0,00000000","29,271692",CHSF13
Juros,15/12/2027,659,127,-,"35,154278","0,00000000","29,17157",CHSF13
Juros,16/06/2028,785,126,-,"34,872917","0,00000000","27,924106",CHSF13
Juros,15/12/2028,910,125,-,"34,59163","0,00000000","26,735872",CHSF13
Juros,15/06/2029,1033,123,-,"34,029272","0,00000000","25,401197",CHSF13
Juros,17/12/2029,1159,126,-,"34,872917","0,00000000","25,118817",CHSF13
Juros,17/06/2030,1283,124,-,"34,310414","0,00000000","23,861192",CHSF13
Juros,16/12/2030,1410,127,-,"35,154278","0,00000000","23,584724",CHSF13
Juros|Amortização,16/06/2031,1532,122,-,"33,748203","1.047,82691","700,987813",CHSF13
Juros,15/05/2025,10,120,-,"33,052498","0,00000000","32,954926",COCE18
Juros,17/11/2025,141,131,-,"36,130053","0,00000000","34,654935",COCE18
Juros,15/05/2026,262,121,-,"33,331942","0,00000000","30,847606",COCE18
Juros,16/11/2026,389,127,-,"35,010006","0,00000000","31,206642",COCE18
Juros,17/05/2027,512,123,-,"33,891029","0,00000000","29,13045",COCE18
Juros,16/11/2027,638,126,-,"34,730161","0,00000000","28,760182",COCE18
Juros,15/05/2028,762,124,-,"34,170671","0,00000000","27,278314",COCE18
Juros,16/11/2028,890,128,-,"35,289918","0,00000000","27,125658",COCE18
Juros,15/05/2029,1011,121,-,"33,331942","0,00000000","24,72035",COCE18
Juros,16/11/2029,1139,128,-,"35,289918","0,00000000","25,200564",COCE18
Juros|Amortização,15/05/2030,1260,121,-,"33,331942","378,319985","283,631286",COCE18
Juros,18/11/2030,1391,131,-,"24,086714","0,00000000","15,965479",COCE18
Juros|Amortização,15/05/2031,1511,120,-,"22,035009","378,320552","256,119731",COCE18
Juros,17/11/2031,1642,131,-,"12,043357","0,00000000","7,411825",COCE18
Juros|Amortização,17/05/2032,1765,123,-,"11,297014","378,320552","231,219102",COCE18
Juros,15/09/2025,96,126,-,"34,209877","0,00000000","33,182901",CAEC21
Juros,16/03/2026,221,125,-,"33,93481","0,00000000","31,63533",CAEC21
Juros|Amortização,15/09/2026,347,126,-,"34,209877","213,757971","222,100001",CAEC21
Juros|Amortização,15/03/2027,469,122,-,"27,591649","213,758997","207,959819",CAEC21
Juros|Amortização,15/09/2027,597,128,-,"23,173475","213,758997","196,022537",CAEC21
Juros|Amortização,15/03/2028,722,125,-,"16,967418","213,758783","183,460449",CAEC21
Juros|Amortização,15/09/2028,849,127,-,"11,495015","213,759104","172,030963",CAEC21
Juros|Amortização,15/03/2029,970,121,-,"5,472526","213,759105","161,121227",CAEC21
Juros,16/06/2025,32,32,-,"36,823506","0,00000000","36,473805",EQPA18
Juros,15/12/2025,160,128,-,"39,661615","0,00000000","37,81378",EQPA18
Juros,15/06/2026,282,122,-,"37,768702","0,00000000","34,722623",EQPA18
Juros,15/12/2026,409,127,-,"39,345895","0,00000000","34,82837",EQPA18
Juros,15/06/2027,532,123,-,"38,083953","0,00000000","32,49728",EQPA18
Juros,15/12/2027,659,127,-,"39,345895","0,00000000","32,326426",EQPA18
Juros,16/06/2028,785,126,-,"39,03027","0,00000000","30,884642",EQPA18
Juros,15/12/2028,910,125,-,"38,714738","0,00000000","29,514105",EQPA18
Juros,15/06/2029,1033,123,-,"38,083953","0,00000000","27,987659",EQPA18
Juros,17/12/2029,1159,126,-,"39,03027","0,00000000","27,625419",EQPA18
Juros,17/06/2030,1283,124,-,"38,3993","0,00000000","26,192225",EQPA18
Juros,16/12/2030,1410,127,-,"39,345895","0,00000000","25,840551",EQPA18
Juros,16/06/2031,1532,122,-,"37,768702","0,00000000","23,918568",EQPA18
Juros,15/12/2031,1661,129,-,"39,977427","0,00000000","24,361959",EQPA18
Juros,15/06/2032,1785,124,-,"38,3993","0,00000000","22,550826",EQPA18
Juros,15/12/2032,1912,127,-,"39,345895","0,00000000","22,248044",EQPA18
Juros,15/06/2033,2038,126,-,"39,03027","0,00000000","21,255764",EQPA18
Juros|Amortização,15/12/2033,2164,126,-,"39,03027","256,670727","155,099619",EQPA18
Juros,15/06/2034,2288,124,-,"28,799475","0,00000000","14,557415",EQPA18
Juros|Amortização,15/12/2034,2414,126,-,"29,272703","256,67047","139,207362",EQPA18
Juros,15/06/2035,2537,123,-,"19,041986","0,00000000","8,936469",EQPA18
Juros|Amortização,17/12/2035,2663,126,-,"19,515144","256,670855","124,835517",EQPA18
Juros,16/06/2036,2785,122,-,"9,442179","0,00000000","4,115375",EQPA18
Juros|Amortização,15/12/2036,2914,129,-,"9,994361","256,670855","111,840192",EQPA18
Juros,15/09/2025,96,126,-,"33,766602","0,00000000","32,869015",ELET14
Juros,16/03/2026,221,125,-,"33,494522","0,00000000","31,480228",ELET14
Juros,15/09/2026,347,126,-,"33,766602","0,00000000","30,633338",ELET14
Juros,15/03/2027,469,122,-,"32,678676","0,00000000","28,648495",ELET14
Juros,15/09/2027,597,128,-,"34,310962","0,00000000","29,018126",ELET14
Juros,15/03/2028,722,125,-,"33,494522","0,00000000","27,351113",ELET14
Juros,15/09/2028,849,127,-,"34,03875","0,00000000","26,822288",ELET14
Juros,15/03/2029,970,121,-,"32,406859","0,00000000","24,683767",ELET14
Juros|Amortização,17/09/2029,1098,128,-,"34,310962","361,862356","291,111153",ELET14
Juros,15/03/2030,1219,121,-,"21,605653","0,00000000","15,345933",ELET14
Juros|Amortização,16/09/2030,1347,128,-,"22,875118","361,916641","263,663965",ELET14
Juros,17/03/2031,1471,124,-,"11,074723","0,00000000","7,328996",ELET14
Juros|Amortização,15/09/2031,1597,126,-,"11,256097","361,916641","238,377049",ELET14
Juros,15/08/2025,75,123,-,"31,274885","0,00000000","30,61525",CMGDB0
Juros,18/02/2026,203,128,-,"32,565584","0,00000000","30,739782",CMGDB0
Juros,17/08/2026,327,124,-,"31,532901","0,00000000","28,734222",CMGDB0
Juros,15/02/2027,449,122,-,"31,016929","0,00000000","27,300762",CMGDB0
Juros,16/08/2027,576,127,-,"32,307322","0,00000000","27,428383",CMGDB0
Juros,15/02/2028,703,127,-,"32,307322","0,00000000","26,455957",CMGDB0
Juros,15/08/2028,827,124,-,"31,532901","0,00000000","24,927575",CMGDB0
Juros,15/02/2029,950,123,-,"31,274885","0,00000000","23,874202",CMGDB0
Juros,15/08/2029,1076,126,-,"32,049122","0,00000000","23,604564",CMGDB0
Juros,15/02/2030,1201,125,-,"31,790981","0,00000000","22,597164",CMGDB0
Juros,15/08/2030,1325,124,-,"31,532901","0,00000000","21,637522",CMGDB0
Juros,17/02/2031,1453,128,-,"32,565584","0,00000000","21,547768",CMGDB0
Juros,15/08/2031,1576,123,-,"31,274885","0,00000000","19,982792",CMGDB0
Juros|Amortização,16/02/2032,1702,126,-,"32,049122","352,852673","237,277804",CMGDB0
Juros,16/08/2032,1829,127,-,"21,538225","0,00000000","12,806792",CMGDB0
Juros|Amortização,15/02/2033,1956,127,-,"21,538225","352,853203","214,723522",CMGDB0
Juros,15/08/2033,2080,124,-,"10,510971","0,00000000","5,81956",CMGDB0
Juros|Amortização,15/02/2034,2208,128,-,"10,855199","352,853203","194,178206",CMGDB0
Juros,15/07/2025,52,123,-,"34,815848","0,00000000","34,279277",CLCD27
Juros,15/01/2026,181,129,-,"36,543579","0,00000000","34,620407",CLCD27
Juros,15/07/2026,304,123,-,"34,815848","0,00000000","31,793826",CLCD27
Juros,15/01/2027,430,126,-,"35,679368","0,00000000","31,37896",CLCD27
Juros,15/07/2027,554,124,-,"35,103611","0,00000000","29,750084",CLCD27
Juros,17/01/2028,682,128,-,"36,255433","0,00000000","29,573698",CLCD27
Juros,17/07/2028,806,124,-,"35,103611","0,00000000","27,593026",CLCD27
Juros,15/01/2029,929,123,-,"34,815848","0,00000000","26,379663",CLCD27
Juros,16/07/2029,1054,125,-,"35,391451","0,00000000","25,833064",CLCD27
Juros,15/01/2030,1178,124,-,"35,103611","0,00000000","24,691323",CLCD27
Juros,15/07/2030,1302,124,-,"35,103611","0,00000000","23,793557",CLCD27
Juros,15/01/2031,1430,128,-,"36,255433","0,00000000","23,652487",CLCD27
Juros,15/07/2031,1553,123,-,"34,815848","0,00000000","21,894015",CLCD27
Juros|Amortização,15/01/2032,1682,129,-,"36,543579","173,964062","127,37457",CLCD27
Juros|Amortização,15/07/2032,1807,125,-,"29,492863","173,963645","118,596464",CLCD27
Juros|Amortização,17/01/2033,1935,128,-,"24,170278","173,963645","111,161688",CLCD27
Juros|Amortização,15/07/2033,2059,124,-,"17,551798","173,963471","103,54156",CLCD27
Juros|Amortização,16/01/2034,2186,127,-,"11,989121","173,963732","96,79212",CLCD27
Juros|Amortização,17/07/2034,2310,124,-,"5,850602","173,963733","90,193756",CLCD27
Juros,15/09/2025,96,126,-,"36,86076","0,00000000","35,643554",BRKP28
Juros,16/03/2026,221,125,-,"36,564288","0,00000000","33,844274",BRKP28
Juros,15/09/2026,347,126,-,"36,86076","0,00000000","32,647642",BRKP28
Juros,15/03/2027,469,122,-,"35,675248","0,00000000","30,277612",BRKP28
Juros,15/09/2027,597,128,-,"37,453895","0,00000000","30,395356",BRKP28
Juros,15/03/2028,722,125,-,"36,564288","0,00000000","28,40395",BRKP28
Juros,15/09/2028,849,127,-,"37,157296","0,00000000","27,610435",BRKP28
Juros,15/03/2029,970,121,-,"35,37903","0,00000000","25,199625",BRKP28
Juros,17/09/2029,1098,128,-,"37,453895","0,00000000","25,509431",BRKP28
Juros,15/03/2030,1219,121,-,"35,37903","0,00000000","23,097698",BRKP28
Juros,16/09/2030,1347,128,-,"37,453895","0,00000000","23,381663",BRKP28
Juros,17/03/2031,1471,124,-,"36,267876","0,00000000","21,680226",BRKP28
Juros|Amortização,15/09/2031,1597,126,-,"36,86076","337,43418","214,099226",BRKP28
Juros,15/03/2032,1722,125,-,"27,423215","0,00000000","15,015191",BRKP28
Juros|Amortização,15/09/2032,1850,128,-,"28,090422","506,15127","279,70866",BRKP28
Juros,15/03/2033,1974,124,-,"13,600453","0,00000000","6,818436",BRKP28
Juros|Amortização,15/09/2033,2102,128,-,"14,04521","379,613452","188,715186",BRKP28
Juros,15/03/2034,2226,124,-,"3,400112","0,00000000","1,560786",BRKP28
Juros|Amortização,15/09/2034,2353,127,-,"3,483496","126,537817","57,091624",BRKP28
Juros|Amortização,16/06/2025,32,32,-,"48,340954","3,312458","51,076954",RMSA12
Juros|Amortização,15/12/2025,160,128,-,"50,217052","3,312504","50,60851",RMSA12
Juros|Amortização,15/06/2026,282,122,-,"47,701205","3,312508","46,20986",RMSA12
Juros|Amortização,15/12/2026,409,127,-,"49,567714","3,31247","45,813864",RMSA12
Juros|Amortização,15/06/2027,532,123,-,"47,85754","3,312521","42,460529",RMSA12
Juros|Amortização,15/12/2027,659,127,-,"49,318","3,312399","41,769797",RMSA12
Juros|Amortização,16/06/2028,785,126,-,"48,798646","3,312496","39,569891",RMSA12
Juros|Amortização,15/12/2028,910,125,-,"48,281405","3,31242","37,496684",RMSA12
Juros|Amortização,15/06/2029,1033,123,-,"47,37413","3,312432","35,282022",RMSA12
Juros|Amortização,17/12/2029,1159,126,-,"48,427083","3,312401","34,458096",RMSA12
Juros|Amortização,17/06/2030,1283,124,-,"47,522582","17,555978","41,497345",RMSA12
Juros|Amortização,16/12/2030,1410,127,-,"48,031994","17,556075","40,00032",RMSA12
Juros|Amortização,16/06/2031,1532,122,-,"45,471954","29,812179","43,9906",RMSA12
Juros|Amortização,15/12/2031,1661,129,-,"46,988619","29,812188","42,891756",RMSA12
Juros|Amortização,15/06/2032,1785,124,-,"44,03759","35,443334","42,499531",RMSA12
Juros|Amortização,15/12/2032,1912,127,-,"43,786894","35,443305","40,519887",RMSA12
Juros|Amortização,15/06/2033,2038,126,-,"42,110507","40,080718","40,217168",RMSA12
Juros|Amortização,15/12/2033,2164,126,-,"40,611869","40,080765","37,777089",RMSA12
Juros|Amortização,15/06/2034,2288,124,-,"38,481106","44,718228","37,293026",RMSA12
Juros|Amortização,15/12/2034,2414,126,-,"37,441195","44,718177","35,234933",RMSA12
Juros|Amortização,15/06/2035,2537,123,-,"34,902166","49,686931","34,745312",RMSA12
Juros|Amortização,17/12/2035,2663,126,-,"33,911342","49,686877","32,853937",RMSA12
Juros|Amortização,16/06/2036,2785,122,-,"31,017766","46,374408","29,141053",RMSA12
Juros|Amortização,15/12/2036,2914,129,-,"31,055112","46,374397","27,865467",RMSA12
Juros|Amortização,15/06/2037,3036,122,-,"27,661906","50,349397","26,898939",RMSA12
Juros|Amortização,15/12/2037,3163,127,-,"26,918891","50,349365","25,482086",RMSA12
Juros|Amortização,15/06/2038,3287,124,-,"24,419297","55,649298","25,281874",RMSA12
Juros|Amortização,15/12/2038,3413,126,-,"22,739676","55,649344","23,681589",RMSA12
Juros|Amortização,15/06/2039,3538,125,-,"20,491957","62,274224","23,931471",RMSA12
Juros|Amortização,15/12/2039,3665,127,-,"18,478646","62,27423","22,33216",RMSA12
Juros|Amortização,15/06/2040,3791,126,-,"16,001995","67,905415","22,201463",RMSA12
Juros|Amortização,17/12/2040,3917,126,-,"13,462978","67,905446","20,598981",RMSA12
Juros|Amortização,17/06/2041,4041,124,-,"10,747415","71,549145","19,947327",RMSA12
Juros|Amortização,16/12/2041,4168,127,-,"8,31539","71,549123","18,514548",RMSA12
Juros|Amortização,16/06/2042,4290,122,-,"5,393352","149,060694","34,306497",RMSA12
Juros|Amortização,15/09/2025,96,96,-,"37,903771","76,617312","111,229976",BHSA11
Juros|Amortização,16/03/2026,221,125,-,"35,04132","15,773669","47,515922",BHSA11
Juros|Amortização,15/09/2026,347,126,-,"34,795677","15,77463","45,511583",BHSA11
Juros|Amortização,15/03/2027,469,122,-,"33,159716","16,900958","43,413991",BHSA11
Juros|Amortização,15/09/2027,597,128,-,"34,240354","16,900985","42,659947",BHSA11
Juros|Amortização,15/03/2028,722,125,-,"32,860631","15,773846","39,057406",BHSA11
Juros|Amortização,15/09/2028,849,127,-,"32,860292","15,774086","37,579381",BHSA11
Juros|Amortização,15/03/2029,970,121,-,"30,773794","15,210366","34,24941",BHSA11
Juros|Amortização,17/09/2029,1098,128,-,"32,064247","15,210596","33,868045",BHSA11
Juros|Amortização,15/03/2030,1219,121,-,"29,791672","15,211249","31,077017",BHSA11
Juros|Amortização,16/09/2030,1347,128,-,"31,024316","15,210998","30,710552",BHSA11
Juros|Amortização,17/03/2031,1471,124,-,"29,535487","16,900528","29,703772",BHSA11
Juros|Amortização,15/09/2031,1597,126,-,"29,451245","16,90087","28,536798",BHSA11
Juros|Amortização,15/03/2032,1722,125,-,"28,649679","18,02729","27,666184",BHSA11
Juros|Amortização,15/09/2032,1850,128,-,"28,732655","18,027854","26,658827",BHSA11
Juros|Amortização,15/03/2033,1974,124,-,"27,223379","18,591191","25,154071",BHSA11
Juros|Amortização,15/09/2033,2102,128,-,"27,480882","18,590621","24,330567",BHSA11
Juros|Amortização,15/03/2034,2226,124,-,"25,992737","19,154152","22,960986",BHSA11
Juros|Amortização,15/09/2034,2353,127,-,"25,982582","19,154349","22,08726",BHSA11
Juros|Amortização,15/03/2035,2474,121,-,"24,117072","20,844088","21,207325",BHSA11
Juros|Amortização,17/09/2035,2602,128,-,"24,823335","20,844142","20,719087",BHSA11
Juros|Amortização,17/03/2036,2724,122,-,"22,962416","21,971072","19,644474",BHSA11
Juros|Amortização,15/09/2036,2850,126,-,"22,988687","21,9714","18,918052",BHSA11
Juros|Amortização,16/03/2037,2975,125,-,"22,070057","24,788195","18,982189",BHSA11
Juros|Amortização,15/09/2037,3101,126,-,"21,415663","24,787959","18,014212",BHSA11
Juros|Amortização,15/03/2038,3223,122,-,"19,917871","26,478032","17,43113",BHSA11
Juros|Amortização,15/09/2038,3351,128,-,"20,008881","26,478202","16,799386",BHSA11
Juros|Amortização,15/03/2039,3475,124,-,"18,496996","32,111896","17,612896",BHSA11
Juros|Amortização,15/09/2039,3603,128,-,"18,006057","32,111932","16,776941",BHSA11
Juros|Amortização,15/03/2040,3728,125,-,"16,505525","33,801715","16,212895",BHSA11
Juros|Amortização,17/09/2040,3856,128,-,"15,752887","33,801952","15,361419",BHSA11
Juros|Amortização,15/03/2041,3977,121,-,"13,786371","36,618594","15,061117",BHSA11
Juros|Amortização,16/09/2041,4105,128,-,"13,345656","36,618547","14,360118",BHSA11
Juros|Amortização,17/03/2042,4229,124,-,"11,70978","41,125477","14,623985",BHSA11
Juros|Amortização,15/09/2042,4355,126,-,"10,518302","41,125639","13,757525",BHSA11
Juros|Amortização,16/03/2043,4480,125,-,"9,061113","56,336293","16,772291",BHSA11
Juros|Amortização,15/09/2043,4606,126,-,"7,239619","56,33623","15,692894",BHSA11
Juros|Amortização,15/03/2044,4729,123,-,"5,215116","158,868258","39,016672",BHSA11
Juros|Amortização,15/10/2025,118,127,-,"35,134302","24,154819","57,182236",PLSB1A
Juros|Amortização,15/04/2026,242,124,-,"33,606834","30,193282","59,237225",PLSB1A
Juros|Amortização,15/10/2026,368,126,-,"33,285292","30,193517","56,705186",PLSB1A
Juros|Amortização,15/04/2027,491,123,-,"31,631422","66,426008","84,351887",PLSB1A
Juros|Amortização,15/10/2027,618,127,-,"30,742514","66,4256","80,394377",PLSB1A
Juros|Amortização,17/04/2028,744,126,-,"28,58004","87,561593","92,450786",PLSB1A
Juros|Amortização,16/10/2028,869,125,-,"25,843433","87,561226","86,877541",PLSB1A
Juros|Amortização,16/04/2029,991,122,-,"22,769043","127,416392","110,830143",PLSB1A
Juros|Amortização,15/10/2029,1117,126,-,"19,849184","127,416527","104,55685",PLSB1A
Juros|Amortização,15/04/2030,1240,123,-,"15,7817","134,361263","102,654057",PLSB1A
Juros|Amortização,15/10/2030,1368,128,-,"12,492633","134,361144","96,540756",PLSB1A
Juros|Amortização,15/04/2031,1491,123,-,"8,213968","145,83479","97,522328",PLSB1A
Juros|Amortização,15/10/2031,1619,128,-,"4,276359","145,83479","91,372024",PLSB1A
Juros,15/05/2025,10,120,-,"47,13422","0,00000000","46,971021",ANET12
Juros,17/11/2025,141,131,-,"51,552023","0,00000000","49,091532",ANET12
Juros,15/05/2026,262,121,-,"47,535156","0,00000000","43,405955",ANET12
Juros,16/11/2026,389,127,-,"49,943635","0,00000000","43,639953",ANET12
Juros,17/05/2027,512,123,-,"48,337434","0,00000000","40,472495",ANET12
Juros|Amortização,16/11/2027,638,126,-,"49,54188","282,462652","266,09748",ANET12
Juros,15/05/2028,762,124,-,"36,554086","0,00000000","28,064305",ANET12
Juros|Amortização,16/11/2028,890,128,-,"37,759145","282,46237","235,173282",ANET12
Juros,15/05/2029,1011,121,-,"23,76759","0,00000000","16,737713",ANET12
Juros|Amortização,16/11/2029,1139,128,-,"25,172775","282,462793","207,236685",ANET12
Juros,15/05/2030,1260,121,-,"11,883794","0,00000000","7,676419",ANET12
Juros|Amortização,18/11/2030,1391,131,-,"12,888011","282,462793","182,309361",ANET12
Juros,15/07/2025,52,123,-,"30,059841","0,00000000","29,577865",ALGAB1
Juros,15/01/2026,181,129,-,"31,544566","0,00000000","29,818793",ALGAB1
Juros,15/07/2026,304,123,-,"30,059841","0,00000000","27,349382",ALGAB1
Juros,15/01/2027,430,126,-,"30,80199","0,00000000","26,948213",ALGAB1
Juros,15/07/2027,554,124,-,"30,307175","0,00000000","25,512734",ALGAB1
Juros,17/01/2028,682,128,-,"31,296994","0,00000000","25,318299",ALGAB1
Juros,17/07/2028,806,124,-,"30,307175","0,00000000","23,59053",ALGAB1
Juros,15/01/2029,929,123,-,"30,059841","0,00000000","22,520305",ALGAB1
Juros|Amortização,16/07/2029,1054,125,-,"30,554559","415,730882","321,607128",ALGAB1
Juros,15/01/2030,1178,124,-,"20,205794","0,00000000","14,010357",ALGAB1
Juros|Amortização,15/07/2030,1302,124,-,"20,205794","415,793248","290,883558",ALGAB1
Juros,15/01/2031,1430,128,-,"10,432851","0,00000000","6,688935",ALGAB1
Juros|Amortização,15/07/2031,1553,123,-,"10,020447","415,793248","262,765876",ALGAB1
Juros,15/09/2025,96,126,-,"33,783993","0,00000000","32,820846",AESOA1
Juros,16/03/2026,221,125,-,"33,511658","0,00000000","31,352992",AESOA1
Juros,15/09/2026,347,126,-,"33,783993","0,00000000","30,430387",AESOA1
Juros,15/03/2027,469,122,-,"32,695064","0,00000000","28,386739",AESOA1
Juros,15/09/2027,597,128,-,"34,328866","0,00000000","28,677712",AESOA1
Juros|Amortização,15/03/2028,722,125,-,"33,511658","42,267108","60,964477",AESOA1
Juros|Amortização,15/09/2028,849,127,-,"32,694139","42,267446","58,043109",AESOA1
Juros|Amortização,15/03/2029,970,121,-,"29,82915","42,26684","53,825823",AESOA1
Juros|Amortização,17/09/2029,1098,128,-,"30,209399","42,267527","52,063225",AESOA1
Juros|Amortização,15/03/2030,1219,121,-,"27,235306","42,267043","48,139153",AESOA1
Juros|Amortização,16/09/2030,1347,128,-,"27,463078","42,267087","46,469863",AESOA1
Juros|Amortização,17/03/2031,1471,124,-,"25,261925","42,267424","43,352923",AESOA1
Juros|Amortização,15/09/2031,1597,126,-,"24,324451","42,267406","41,158579",AESOA1
Juros|Amortização,15/03/2032,1722,125,-,"22,787895","42,267386","38,72274",AESOA1
Juros|Amortização,15/09/2032,1850,128,-,"21,970431","42,267027","36,789476",AESOA1
Juros|Amortização,15/03/2033,1974,124,-,"19,943596","52,833573","40,151848",AESOA1
Juros|Amortização,15/09/2033,2102,128,-,"18,880846","52,83375","38,068843",AESOA1
Juros|Amortização,15/03/2034,2226,124,-,"16,619672","52,833808","35,516589",AESOA1
Juros|Amortização,15/09/2034,2353,127,-,"15,325355","52,833756","33,546231",AESOA1
Juros|Amortização,15/03/2035,2474,121,-,"12,969183","52,833816","31,227209",AESOA1
Juros|Amortização,17/09/2035,2602,128,-,"12,015087","52,833763","29,61021",AESOA1
Juros|Amortização,17/03/2036,2724,122,-,"9,808507","63,40059","32,221153",AESOA1
Juros|Amortização,15/09/2036,2850,126,-,"8,108148","63,40059","30,300414",AESOA1
Juros|Amortização,16/03/2037,2975,125,-,"6,032091","63,400526","28,333307",AESOA1
Juros|Amortização,15/09/2037,3101,126,-,"4,054076","63,400621","26,500822",AESOA1
Juros|Amortização,15/03/2038,3223,122,-,"1,961702","63,400621","24,752066",AESOA1
Juros|Amortização,15/04/2026,240,-,-,0,0,"14,41",CRA Ferroeste 2ª Série
Juros|Amortização,15/04/2027,487,-,-,0,0,"64,63",CRA Ferroeste 2ª Série
Juros|Amortização,15/04/2028,737,-,-,0,0,"56,81",CRA Ferroeste 2ª Série
Juros|Amortização,15/04/2029,983,-,-,0,0,"49,77",CRA Ferroeste 2ª Série
Juros|Amortização,15/04/2030,1231,-,-,0,0,"43,48",CRA Ferroeste 2ª Série
Juros|Amortização,15/04/2031,1480,-,-,0,0,"37,88",CRA Ferroeste 2ª Série
Juros|Amortização,15/12/2025,160,-,-,0,0,"37,5",CRTA12
Juros|Amortização,15/12/2026,407,-,-,0,0,"34,27",CRTA12
Juros|Amortização,15/12/2027,655,-,-,0,0,"31,57",CRTA12
Juros|Amortização,15/12/2028,904,-,-,0,0,"28,6",CRTA12
Juros|Amortização,15/12/2031,1650,-,-,0,0,"25,22",CRTA12
Juros|Amortização,15/12/2032,1899,-,-,0,0,"20,06",CRTA12
Juros|Amortização,15/12/2033,2149,-,-,0,0,"20,73",CRTA12
Juros|Amortização,15/12/2034,2398,-,-,0,0,"18,91",CRTA12
Juros|Amortização,15/12/2036,2895,-,-,0,0,"31,07",CRTA12
Juros|Amortização,15/12/2037,3142,-,-,0,0,"29,75",CRTA12
Juros|Amortização,15/12/2038,3390,-,-,0,0,"20,32",CRTA12
Juros|Amortização,15/12/2039,3640,-,-,0,0,"18,62",CRTA12
Juros|Amortização,15/12/2042,4389,-,-,0,0,"18,24",CRTA12
Juros|Amortização,15/12/2043,4636,-,-,0,0,"17,76",CRTA12
Juros|Amortização,15/01/2026,179,-,-,0,0,"15,21",CRA Ferroeste 2ª Série
Juros|Amortização,15/01/2027,426,-,-,0,0,"66,93",CRA Ferroeste 2ª Série
Juros|Amortização,15/01/2028,675,-,-,0,0,"58,99",CRA Ferroeste 2ª Série
Juros|Amortização,15/01/2029,922,-,-,0,0,"51,25",CRA Ferroeste 2ª Série
Juros|Amortização,15/01/2030,1169,-,-,0,0,"44,93",CRA Ferroeste 2ª Série
Juros|Amortização,15/01/2031,1419,-,-,0,0,"39,21",CRA Ferroeste 2ª Série
Juros|Amortização,15/07/2025,52,-,-,0,0,"15,41",CRA Ferroeste 2ª Série
Juros|Amortização,15/07/2026,302,-,-,0,0,"71,4",CRA Ferroeste 2ª Série
Juros|Amortização,15/07/2027,550,-,-,0,0,"62,88",CRA Ferroeste 2ª Série
Juros|Amortização,15/07/2028,799,-,-,0,0,"54,96",CRA Ferroeste 2ª Série
Juros|Amortização,15/07/2029,1046,-,-,0,0,"48,18",CRA Ferroeste 2ª Série
Juros|Amortização,15/07/2030,1293,-,-,0,0,"42,02",CRA Ferroeste 2ª Série
Juros|Amortização,15/06/2026,280,-,-,0,0,"34,31",CRTA12
Juros|Amortização,15/06/2027,528,-,-,0,0,"31,87",CRTA12
Juros|Amortização,15/06/2029,1026,-,-,0,0,"27,01",CRTA12
Juros|Amortização,15/06/2032,1772,-,-,0,0,"20,42",CRTA12
Juros|Amortização,15/06/2033,2023,-,-,0,0,"21,72",CRTA12
Juros|Amortização,15/06/2034,2272,-,-,0,0,"19,53",CRTA12
Juros|Amortização,15/06/2035,2520,-,-,0,0,"33,28",CRTA12
Juros|Amortização,15/06/2037,3015,-,-,0,0,"31,38",CRTA12
Juros|Amortização,15/06/2038,3264,-,-,0,0,"21,54",CRTA12
Juros|Amortização,15/06/2039,3513,-,-,0,0,"19,79",CRTA12
Juros|Amortização,15/06/2040,3765,-,-,0,0,"20,31",CRTA12
Juros|Amortização,15/06/2043,4509,-,-,0,0,"19,15",CRTA12
Juros|Amortização,15/03/2029,963,-,-,0,0,"894,52",CERT11
Juros|Amortização,15/10/2025,118,-,-,0,0,"16,3",CRA Ferroeste 2ª Série
Juros|Amortização,15/10/2026,366,-,-,0,0,"69,51",CRA Ferroeste 2ª Série
Juros|Amortização,15/10/2027,614,-,-,0,0,"60,96",CRA Ferroeste 2ª Série
Juros|Amortização,15/10/2028,862,-,-,0,0,"53,25",CRA Ferroeste 2ª Série
Juros|Amortização,15/10/2029,1110,-,-,0,0,"46,54",CRA Ferroeste 2ª Série
Juros|Amortização,15/10/2030,1359,-,-,0,0,"40,65",CRA Ferroeste 2ª Série
Juros|Amortização,16/04/2026,241,-,-,0,0,"3,33",CRI Bem Brasil
Juros|Amortização,16/04/2027,488,-,-,0,0,"2,4",CRI Bem Brasil
Juros|Amortização,16/08/2028,822,-,-,0,0,"1,36",CRI Bem Brasil
Juros|Amortização,16/08/2029,1070,-,-,0,0,"0,65",CRI Bem Brasil
Juros|Amortização,16/12/2025,161,-,-,0,0,"3,1",CRI Bem Brasil
Juros|Amortização,16/12/2026,408,-,-,0,0,"2,24",CRI Bem Brasil
Juros|Amortização,16/12/2027,656,-,-,0,0,"1,44",CRI Bem Brasil
Juros|Amortização,16/12/2030,1401,-,-,0,0,"33,96",CRTA12
Juros|Amortização,16/12/2041,4140,-,-,0,0,"17,74",CRTA12
Juros|Amortização,16/02/2027,446,-,-,0,0,"2,1",CRI Bem Brasil
Juros|Amortização,16/02/2028,698,-,-,0,0,"1,42",CRI Bem Brasil
Juros|Amortização,16/02/2029,944,-,-,0,0,"0,65",CRI Bem Brasil
Juros|Amortização,16/01/2026,180,-,-,0,0,"3,4",CRI Bem Brasil
Juros|Amortização,16/01/2029,923,-,-,0,0,"0,59",CRI Bem Brasil
Juros|Amortização,16/07/2025,53,-,-,0,0,"4,23",CRI Bem Brasil
Juros|Amortização,16/07/2026,303,-,-,0,0,"3,42",CRI Bem Brasil
Juros|Amortização,16/07/2027,551,-,-,0,0,"2,35",CRI Bem Brasil
Juros|Amortização,16/06/2025,32,-,-,0,0,"37,26",CRTA12
Juros|Amortização,16/06/2026,281,-,-,0,0,"3,13",CRI Bem Brasil
Juros|Amortização,16/06/2027,529,-,-,0,0,"2,15",CRI Bem Brasil
Juros|Amortização,16/06/2028,779,-,-,0,0,"30,05",CRTA12
Juros|Amortização,16/06/2031,1521,-,-,0,0,"25,15",CRTA12
Juros|Amortização,16/06/2036,2766,-,-,0,0,"32,43",CRTA12
Juros|Amortização,16/06/2042,4260,-,-,0,0,"19,53",CRTA12
Juros|Amortização,16/05/2025,11,-,-,0,0,"4,08",CRI Bem Brasil
Juros|Amortização,16/05/2028,757,-,-,0,0,"1,19",CRI Bem Brasil
Juros|Amortização,16/05/2029,1005,-,-,0,0,"0,61",CRI Bem Brasil
Juros|Amortização,16/03/2027,466,-,-,0,0,"2,2",CRI Bem Brasil
Juros|Amortização,16/03/2028,717,-,-,0,0,"1,28",CRI Bem Brasil
Juros|Amortização,16/03/2029,964,-,-,0,0,"0,62",CRI Bem Brasil
Juros|Amortização,16/10/2025,119,-,-,0,0,"3,64",CRI Bem Brasil
Juros|Amortização,16/10/2026,367,-,-,0,0,"2,39",CRI Bem Brasil
Juros|Amortização,16/09/2025,97,-,-,0,0,"203,43",CRI Bem Brasil
Juros|Amortização,16/09/2026,346,-,-,0,0,"185,63",CRI Bem Brasil
Juros|Amortização,16/09/2027,594,-,-,0,0,"169,73",CRI Bem Brasil
Juros|Amortização,17/04/2029,985,-,-,0,0,"0,64",CRI Bem Brasil
Juros|Amortização,17/08/2027,573,-,-,0,0,"2,33",CRI Bem Brasil
Juros|Amortização,17/12/2029,1152,-,-,0,0,"26,55",CRTA12
Juros|Amortização,17/12/2035,2646,-,-,0,0,"31,64",CRTA12
Juros|Amortização,17/12/2040,3891,-,-,0,0,"18,94",CRTA12
Juros|Amortização,17/07/2029,1048,-,-,0,0,"0,63",CRI Bem Brasil
Juros|Amortização,17/06/2025,33,-,-,0,0,"4,69",CRI Bem Brasil
Juros|Amortização,17/06/2030,1274,-,-,0,0,"35,19",CRTA12
Juros|Amortização,17/06/2041,4013,-,-,0,0,"18,97",CRTA12
Juros|Amortização,17/03/2026,220,-,-,0,0,"2,87",CRI Bem Brasil
Juros|Amortização,17/11/2026,388,-,-,0,0,"2,37",CRI Bem Brasil
Juros|Amortização,17/11/2027,635,-,-,0,0,"1,38",CRI Bem Brasil
Juros|Amortização,17/11/2028,885,-,-,0,0,"0,67",CRI Bem Brasil
Juros|Amortização,17/10/2028,864,-,-,0,0,"0,64",CRI Bem Brasil
Juros|Amortização,18/04/2028,739,-,-,0,0,"1,47",CRI Bem Brasil
Juros|Amortização,18/08/2025,76,-,-,0,0,"4,83",CRI Bem Brasil
Juros|Amortização,18/08/2026,326,-,-,0,0,"3,54",CRI Bem Brasil
Juros|Amortização,18/12/2028,905,-,-,0,0,"0,63",CRI Bem Brasil
Juros|Amortização,18/01/2027,427,-,-,0,0,"2,34",CRI Bem Brasil
Juros|Amortização,18/01/2028,677,-,-,0,0,"1,57",CRI Bem Brasil
Juros|Amortização,18/07/2028,801,-,-,0,0,"1,37",CRI Bem Brasil
Juros|Amortização,18/06/2029,1027,-,-,0,0,"0,66",CRI Bem Brasil
Juros|Amortização,18/05/2026,261,-,-,0,0,"3,15",CRI Bem Brasil
Juros|Amortização,18/05/2027,509,-,-,0,0,"2,28",CRI Bem Brasil
Juros|Amortização,18/11/2025,142,-,-,0,0,"3,78",CRI Bem Brasil
Juros|Amortização,18/10/2027,615,-,-,0,0,"1,46",CRI Bem Brasil
Juros|Amortização,18/09/2028,844,-,-,0,0,"155,01",CRI Bem Brasil
Juros|Amortização,18/09/2029,1092,-,-,0,0,"141,57",CRI Bem Brasil
Juros|Amortização,19/02/2026,202,-,-,0,0,"3,54",CRI Bem Brasil
Juros|Amortização,19/06/2028,780,-,-,0,0,"1,51",CRI Bem Brasil
Juros|Amortização,21/08/2025,79,-,-,0,0,"29,59",CRI Vic Engenharia 1ª Emissão
Juros|Amortização,21/01/2026,183,-,-,0,0,"28,15",CRI Vic Engenharia 1ª Emissão
Juros|Amortização,21/05/2025,14,-,-,0,0,"30,53",CRI Vic Engenharia 1ª Emissão
Juros|Amortização,21/05/2026,264,-,-,0,0,"0,33",CRI Vic Engenharia 1ª Emissão
Juros|Amortização,21/11/2025,144,-,-,0,0,"28,61",CRI Vic Engenharia 1ª Emissão
Juros|Amortização,21/10/2025,122,-,-,0,0,"28,99",CRI Vic Engenharia 1ª Emissão
Juros|Amortização,22/04/2026,244,-,-,0,0,"27,34",CRI Vic Engenharia 1ª Emissão
Juros|Amortização,22/07/2025,57,-,-,0,0,"29,91",CRI Vic Engenharia 1ª Emissão
Juros|Amortização,22/06/2026,285,-,-,0,0,"26,65",CRI Vic Engenharia 1ª Emissão
Juros|Amortização,23/12/2025,166,-,-,0,0,"28,38",CRI Vic Engenharia 1ª Emissão
Juros|Amortização,23/02/2026,204,-,-,0,0,"27,87",CRI Vic Engenharia 1ª Emissão
Juros|Amortização,23/06/2025,36,-,-,0,0,"30,21",CRI Vic Engenharia 1ª Emissão
Juros|Amortização,23/06/2026,286,-,-,0,0,"26,79",CRI Vic Engenharia 1ª Emissão
Juros|Amortização,23/03/2026,224,-,-,0,0,"27,6",CRI Vic Engenharia 1ª Emissão
Juros|Amortização,23/09/2025,102,-,-,0,0,"29,27",CRI Vic Engenharia 1ª Emissão
Juros|Amortização,25/03/2026,226,-,-,0,0,"84,31",TBCR18
Juros|Amortização,25/03/2027,473,-,-,0,0,"92,74",TBCR18
Juros|Amortização,25/03/2030,1216,-,-,0,0,"75,71",TBCR18
Juros|Amortização,25/03/2031,1466,-,-,0,0,"83,11",TBCR18
Juros|Amortização,25/03/2032,1717,-,-,0,0,"67,19",TBCR18
Juros|Amortização,25/09/2025,104,-,-,0,0,"92,73",TBCR18
Juros|Amortização,25/09/2026,353,-,-,0,0,"79,73",TBCR18
Juros|Amortização,25/09/2028,849,-,-,0,0,"81,38",TBCR18
Juros|Amortização,25/09/2029,1097,-,-,0,0,"76,21",TBCR18
Juros|Amortização,25/09/2030,1345,-,-,0,0,"92,93",TBCR18
Juros|Amortização,25/09/2031,1594,-,-,0,0,"75,54",TBCR18
Juros|Amortização,26/03/2029,970,-,-,0,0,"77,92",TBCR18
Juros|Amortização,27/03/2028,724,-,-,0,0,"88,82",TBCR18
Juros|Amortização,27/09/2027,601,-,-,0,0,"87,64",TBCR18
Juros|Amortização,27/09/2032,1845,-,-,0,0,"60,17",TBCR18
Juros|Amortização,30/04/2026,250,-,-,0,0,"649,15",BRFS31
Juros|Amortização,30/10/2025,129,-,-,0,0,"18,41",BRFS31
Juros,15/02/2027,449,0,-,0,0,"116,640238",NTN-B28
Juros,15/02/2027,449,0,-,0,0,"116,85298",NTN-B30
Juros,15/02/2027,449,0,-,0,0,"116,794706",NTN-B32
Juros,15/02/2027,449,0,-,0,0,"117,20786",NTN-B50
Juros,15/02/2028,703,0,-,0,0,"108,32856",NTN-B28
Juros,15/02/2028,703,0,-,0,0,"108,638073",NTN-B30
Juros,15/02/2028,703,0,-,0,0,"108,55326",NTN-B32
Juros,15/02/2028,703,0,-,0,0,"109,155091",NTN-B50
Juros,15/02/2029,950,0,-,0,0,"101,097034",NTN-B32
Juros,15/02/2029,950,0,-,0,0,"101,855194",NTN-B50
Juros,15/02/2029,950,0,-,0,0,"101,203789",NTN-B30
Juros,15/02/2030,1201,0,-,0,0,"94,170081",NTN-B30
Juros,15/02/2030,1201,0,-,0,0,"94,044518",NTN-B32
Juros,15/02/2030,1201,0,-,0,0,"94,93701",NTN-B50
Juros,15/02/2033,1956,0,-,0,0,"76,833259",NTN-B50
Juros,15/02/2034,2208,0,-,0,0,"71,594543",NTN-B50
Juros,15/02/2035,2454,0,-,0,0,"66,825284",NTN-B50
Juros,15/02/2036,2705,0,-,0,0,"62,286393",NTN-B50
Juros,15/02/2038,3205,0,-,0,0,"54,142877",NTN-B50
Juros,15/02/2039,3457,0,-,0,0,"50,451258",NTN-B50
Juros,15/02/2040,3707,0,-,0,0,"47,0377",NTN-B50
Juros,15/02/2041,3959,0,-,0,0,"43,830532",NTN-B50
Juros,15/02/2044,4710,0,-,0,0,"35,512174",NTN-B50
Juros,15/02/2045,4963,0,-,0,0,"33,081578",NTN-B50
Juros,15/02/2046,5209,0,-,0,0,"30,877854",NTN-B50
Juros,15/02/2047,5460,0,-,0,0,"28,780576",NTN-B50
Juros,15/02/2049,5960,0,-,0,0,"25,017714",NTN-B50
Juros,15/02/2050,6212,0,-,0,0,"23,311934",NTN-B50
Juros,15/08/2025,75,0,-,0,0,"130,082165",NTN-B32
Juros,15/08/2025,75,0,-,0,0,"130,093004",NTN-B30
Juros,15/08/2025,75,0,-,0,0,"130,158915",NTN-B50
Juros,15/08/2025,75,0,-,0,0,"17,520859",NTN-B26
Juros,15/08/2025,75,0,-,0,0,"130,053411",NTN-B28
Juros|Amortização,15/08/2028,827,0,-,0,0,"3638,930259",NTN-B28
Juros,15/08/2028,827,0,-,0,0,"104,84002",NTN-B30
Juros,15/08/2028,827,0,-,0,0,"104,743741",NTN-B32
Juros,15/08/2028,827,0,-,0,0,"105,427216",NTN-B50
Juros,15/08/2029,1076,0,-,0,0,"97,609602",NTN-B30
Juros,15/08/2029,1076,0,-,0,0,"97,49299",NTN-B32
Juros,15/08/2029,1076,0,-,0,0,"98,321504",NTN-B50
Juros,15/08/2030,1325,0,-,0,0,"91,694712",NTN-B50
Juros|Amortização,15/08/2030,1325,0,-,0,0,"3164,916585",NTN-B30
Juros,15/08/2030,1325,0,-,0,0,"90,744163",NTN-B32
Juros,15/08/2031,1576,0,-,0,0,"85,466646",NTN-B50
Juros,15/08/2031,1576,0,-,0,0,"84,413862",NTN-B32
Juros,15/08/2033,2080,0,-,0,0,"74,209242",NTN-B50
Juros,15/08/2034,2331,0,-,0,0,"69,16882",NTN-B50
Juros,15/08/2035,2580,0,-,0,0,"64,506896",NTN-B50
Juros,15/08/2036,2829,0,-,0,0,"60,159182",NTN-B50
Juros,15/08/2039,3581,0,-,0,0,"48,728242",NTN-B50
Juros,15/08/2040,3834,0,-,0,0,"45,393085",NTN-B50
Juros,15/08/2041,4083,0,-,0,0,"42,333627",NTN-B50
Juros,15/08/2042,4334,0,-,0,0,"39,458253",NTN-B50
Juros,15/08/2044,4835,0,-,0,0,"34,289748",NTN-B50
Juros,15/08/2045,5086,0,-,0,0,"31,960728",NTN-B50
Juros,15/08/2046,5335,0,-,0,0,"29,8066",NTN-B50
Juros,15/08/2047,5584,0,-,0,0,"27,797659",NTN-B50
Juros|Amortização,15/08/2050,6336,0,-,0,0,"784,1358680000001",NTN-B50
Juros,16/02/2032,1702,0,-,0,0,"81,404562",NTN-B32
Juros,16/02/2032,1702,0,-,0,0,"82,501529",NTN-B50
Juros,16/02/2043,4460,0,-,0,0,"38,089317",NTN-B50
Juros,16/08/2027,576,0,-,0,0,"112,407602",NTN-B28
Juros,16/08/2027,576,0,-,0,0,"112,670682",NTN-B30
Juros,16/08/2027,576,0,-,0,0,"112,598606",NTN-B32
Juros,16/08/2027,576,0,-,0,0,"113,109834",NTN-B50
Juros,16/08/2032,1829,0,-,0,0,"79,616967",NTN-B50
Juros|Amortização,16/08/2032,1829,0,-,0,0,"2733,146307",NTN-B32
Juros,16/08/2038,3330,0,-,0,0,"52,279132",NTN-B50
Juros,16/08/2049,6085,0,-,0,0,"24,156537",NTN-B50
Juros,17/02/2031,1453,0,-,0,0,"87,458784",NTN-B32
Juros,17/02/2031,1453,0,-,0,0,"88,463928",NTN-B50
Juros|Amortização,17/08/2026,327,0,-,0,0,"0,673758",NTN-B26
Juros,17/08/2026,327,0,-,0,0,"120,856251",NTN-B28
Juros,17/08/2026,327,0,-,0,0,"121,016748",NTN-B30
Juros,17/08/2026,327,0,-,0,0,"120,972792",NTN-B32
Juros,17/08/2026,327,0,-,0,0,"121,2843",NTN-B50
Juros,17/08/2037,3081,0,-,0,0,"56,057354",NTN-B50
Juros,17/08/2043,4586,0,-,0,0,"36,767874",NTN-B50
Juros,17/08/2048,5836,0,-,0,0,"25,902334",NTN-B50
Juros,18/02/2026,203,0,-,0,0,"0,551582",NTN-B26
Juros,18/02/2026,203,0,-,0,0,"125,297566",NTN-B28
Juros,18/02/2026,203,0,-,0,0,"125,400837",NTN-B30
Juros,18/02/2026,203,0,-,0,0,"125,372559",NTN-B32
Juros,18/02/2026,203,0,-,0,0,"125,572878",NTN-B50
Juros,18/02/2037,2957,0,-,0,0,"58,039525",NTN-B50
Juros,19/02/2042,4211,0,-,0,0,"40,842038",NTN-B50
Juros,19/02/2048,5712,0,-,0,0,"26,818232",NTN-B50
Juros,15/06/2027,534,0,-,0,0,"0,0",RALM21
Juros|Amortização,15/06/2029,1035,0,-,0,0,"44,650432",RALM21
Juros|Amortização,15/06/2032,1787,0,-,0,0,"33,202317",RALM21
Juros|Amortização,15/06/2033,2040,0,-,0,0,"30,524748",RALM21
Juros|Amortização,15/06/2034,2290,0,-,0,0,"27,474496000000002",RALM21
Juros|Amortização,15/06/2035,2539,0,-,0,0,"24,951476",RALM21
Juros|Amortização,15/06/2037,3038,0,-,0,0,"20,247701",RALM21
Juros|Amortização,15/06/2038,3289,0,-,0,0,"17,944349000000003",RALM21
Juros|Amortização,15/06/2039,3540,0,-,0,0,"16,065848",RALM21
Juros|Amortização,15/06/2040,3793,0,-,0,0,"14,498075",RALM21
Juros|Amortização,15/06/2043,4543,0,-,0,0,"9,752935",RALM21
Juros|Amortização,15/06/2044,4795,0,-,0,0,"8,788781",RALM21
Juros|Amortização,15/06/2045,5045,0,-,0,0,"7,822269",RALM21
Juros|Amortização,15/06/2046,5294,0,-,0,0,"6,9495190000000004",RALM21
Juros|Amortização,15/06/2048,5793,0,-,0,0,"5,483612",RALM21
Juros|Amortização,15/12/2027,661,0,-,0,0,"43,162586000000005",RALM21
Juros|Amortização,15/12/2028,912,0,-,0,0,"44,973886",RALM21
Juros|Amortização,15/12/2031,1663,0,-,0,0,"35,437055",RALM21
Juros|Amortização,15/12/2032,1914,0,-,0,0,"31,774813",RALM21
Juros|Amortização,15/12/2033,2166,0,-,0,0,"28,735022999999998",RALM21
Juros|Amortização,15/12/2034,2416,0,-,0,0,"26,091491",RALM21
Juros|Amortização,15/12/2036,2916,0,-,0,0,"21,760524",RALM21
Juros|Amortização,15/12/2037,3165,0,-,0,0,"19,372992",RALM21
Juros|Amortização,15/12/2038,3415,0,-,0,0,"16,94346",RALM21
Juros|Amortização,15/12/2039,3667,0,-,0,0,"15,139056",RALM21
Juros|Amortização,15/12/2042,4421,0,-,0,0,"10,33948",RALM21
Juros|Amortização,15/12/2043,4670,0,-,0,0,"9,199341",RALM21
Juros|Amortização,15/12/2044,4921,0,-,0,0,"8,185517",RALM21
Juros|Amortização,15/12/2045,5171,0,-,0,0,"7,283131",RALM21
Juros|Amortização,15/12/2048,5920,0,-,0,0,"5,061304",RALM21
Juros|Amortização,16/06/2028,787,0,-,0,0,"47,816891999999996",RALM21
Juros|Amortização,16/06/2031,1534,0,-,0,0,"36,205906",RALM21
Juros|Amortização,16/06/2036,2787,0,-,0,0,"22,515572",RALM21
Juros|Amortização,16/06/2042,4292,0,-,0,0,"10,868891",RALM21
Juros|Amortização,16/12/2030,1412,0,-,0,0,"38,816141",RALM21
Juros|Amortização,16/12/2041,4170,0,-,0,0,"12,24417",RALM21
Juros|Amortização,16/12/2047,5671,0,-,0,0,"5,7565230000000005",RALM21
Juros|Amortização,17/06/2030,1285,0,-,0,0,"40,459601",RALM21
Juros|Amortização,17/06/2041,4043,0,-,0,0,"13,005082",RALM21
Juros|Amortização,17/06/2047,5543,0,-,0,0,"6,208392",RALM21
Juros|Amortização,17/12/2029,1161,0,-,0,0,"42,894225",RALM21
Juros|Amortização,17/12/2035,2665,0,-,0,0,"23,767772",RALM21
Juros|Amortização,17/12/2040,3919,0,-,0,0,"13,54572",RALM21
Juros|Amortização,17/12/2046,5420,0,-,0,0,"6,461684",RALM21